30-May-2026 15:18:46.054 INFO [main] org.apache.catalina.startup.VersionLoggerListener.log Nombre de la versión del servidor: Apache Tomcat/10.1.55
30-May-2026 15:18:46.063 INFO [main] org.apache.catalina.startup.VersionLoggerListener.log Server built:                      May 5 2026 13:33:02 UTC
30-May-2026 15:18:46.064 INFO [main] org.apache.catalina.startup.VersionLoggerListener.log Número de versión de servidor:     10.1.55.0
30-May-2026 15:18:46.064 INFO [main] org.apache.catalina.startup.VersionLoggerListener.log OS Name:                           Windows 11
30-May-2026 15:18:46.064 INFO [main] org.apache.catalina.startup.VersionLoggerListener.log Versión de Systema Operativo:      10.0
30-May-2026 15:18:46.065 INFO [main] org.apache.catalina.startup.VersionLoggerListener.log Arquitectura:                      amd64
30-May-2026 15:18:46.065 INFO [main] org.apache.catalina.startup.VersionLoggerListener.log Java Home:                         C:\Program Files\Java\jdk-21.0.10
30-May-2026 15:18:46.065 INFO [main] org.apache.catalina.startup.VersionLoggerListener.log JVM Version:                       21.0.10+8-LTS-217
30-May-2026 15:18:46.065 INFO [main] org.apache.catalina.startup.VersionLoggerListener.log Vededor JVM:                       Oracle Corporation
30-May-2026 15:18:46.065 INFO [main] org.apache.catalina.startup.VersionLoggerListener.log CATALINA_BASE:                     C:\UNIVERSIDAD\biblioteca-udb-web
30-May-2026 15:18:46.066 INFO [main] org.apache.catalina.startup.VersionLoggerListener.log CATALINA_HOME:                     C:\Program Files\Apache Software Foundation\Tomcat 10.1
30-May-2026 15:18:46.100 INFO [main] org.apache.catalina.startup.VersionLoggerListener.log Command line argument:             --add-opens=java.base/java.lang=ALL-UNNAMED
30-May-2026 15:18:46.103 INFO [main] org.apache.catalina.startup.VersionLoggerListener.log Command line argument:             --add-opens=java.base/java.io=ALL-UNNAMED
30-May-2026 15:18:46.103 INFO [main] org.apache.catalina.startup.VersionLoggerListener.log Command line argument:             --add-opens=java.base/java.util=ALL-UNNAMED
30-May-2026 15:18:46.103 INFO [main] org.apache.catalina.startup.VersionLoggerListener.log Command line argument:             --add-opens=java.base/java.util.concurrent=ALL-UNNAMED
30-May-2026 15:18:46.103 INFO [main] org.apache.catalina.startup.VersionLoggerListener.log Command line argument:             --add-opens=java.rmi/sun.rmi.transport=ALL-UNNAMED
30-May-2026 15:18:46.104 INFO [main] org.apache.catalina.startup.VersionLoggerListener.log Command line argument:             -Dcatalina.home=C:\Program Files\Apache Software Foundation\Tomcat 10.1
30-May-2026 15:18:46.104 INFO [main] org.apache.catalina.startup.VersionLoggerListener.log Command line argument:             -Dcatalina.base=C:\UNIVERSIDAD\biblioteca-udb-web
30-May-2026 15:18:46.104 INFO [main] org.apache.catalina.startup.VersionLoggerListener.log Command line argument:             -Djava.io.tmpdir=C:\UNIVERSIDAD\biblioteca-udb-web\temp
30-May-2026 15:18:46.104 INFO [main] org.apache.catalina.startup.VersionLoggerListener.log Command line argument:             -Djava.util.logging.config.file=C:\UNIVERSIDAD\biblioteca-udb-web\conf\logging.properties
30-May-2026 15:18:46.104 INFO [main] org.apache.catalina.startup.VersionLoggerListener.log Command line argument:             -Djava.util.logging.manager=org.apache.juli.ClassLoaderLogManager
30-May-2026 15:18:46.106 INFO [main] org.apache.catalina.startup.VersionLoggerListener.log Command line argument:             -javaagent:C:\Program Files\JetBrains\IntelliJ IDEA 2025.3.2\lib\idea_rt.jar=49186
30-May-2026 15:18:46.106 INFO [main] org.apache.catalina.startup.VersionLoggerListener.log Command line argument:             -Dfile.encoding=UTF-8
30-May-2026 15:18:46.106 INFO [main] org.apache.catalina.startup.VersionLoggerListener.log Command line argument:             -Dsun.stdout.encoding=UTF-8
30-May-2026 15:18:46.106 INFO [main] org.apache.catalina.startup.VersionLoggerListener.log Command line argument:             -Dsun.stderr.encoding=UTF-8
30-May-2026 15:18:46.171 INFO [main] org.apache.catalina.core.AprLifecycleListener.lifecycleEvent La biblioteca nativa de Apache Tomcat basada en ARP que permite un rendimiento óptimo en entornos de desarrollo no ha sido hallada en java.library.path: [C:\Program Files\Java\jdk-21.0.10\bin;C:\WINDOWS\Sun\Java\bin;C:\WINDOWS\system32;C:\WINDOWS;C:\Program Files\Common Files\Oracle\Java\javapath;C:\Program Files\Microsoft MPI\Bin\;C:\WINDOWS\system32;C:\WINDOWS;C:\WINDOWS\System32\Wbem;C:\WINDOWS\System32\WindowsPowerShell\v1.0\;C:\WINDOWS\System32\OpenSSH\;C:\Program Files\dotnet\;C:\Program Files (x86)\Microsoft SQL Server\160\DTS\Binn\;C:\Program Files\Azure Data Studio\bin;C:\Program Files\Google\Google Apps Sync\;C:\Program Files\Microsoft SQL Server\150\Tools\Binn\;C:\Program Files\Microsoft SQL Server\Client SDK\ODBC\170\Tools\Binn\;C:\Program Files\Microsoft SQL Server\170\DTS\Binn\;C:\Program Files\Git\cmd;C:\Program Files (x86)\Microsoft SQL Server\170\Tools\Binn\;C:\Program Files\Microsoft SQL Server\170\Tools\Binn\;C:\Program Files\Microsoft SQL Server\Client SDK\ODBC\180\Tools\Binn\;C:\Program Files\Java\jdk-21.0.10\bin;C:\Program Files\MySQL\MySQL Shell 8.0\bin\;C:\Users\salaalvara\AppData\Local\Microsoft\WindowsApps;C:\Users\salaalvara\.dotnet\tools;C:\Users\salaalvara\AppData\Local\Programs\Microsoft VS Code\bin;C:\Program Files\JetBrains\IntelliJ IDEA 2025.3.2\bin;.]
30-May-2026 15:18:46.658 INFO [main] org.apache.coyote.AbstractProtocol.init Inicializando el manejador de protocolo ["http-nio-8080"]

30-May-2026 15:18:46.705 SEVERE [main] org.apache.catalina.util.LifecycleBase.handleSubClassException Fallo al iniciar el componente [Connector["http-nio-8080"]]
	org.apache.catalina.LifecycleException: Falló la inicialización del manejador de protocolo
		at org.apache.catalina.connector.Connector.initInternal(Connector.java:1084)
		at org.apache.catalina.util.LifecycleBase.init(LifecycleBase.java:122)
		at org.apache.catalina.core.StandardService.initInternal(StandardService.java:520)
		at org.apache.catalina.util.LifecycleBase.init(LifecycleBase.java:122)
		at org.apache.catalina.core.StandardServer.initInternal(StandardServer.java:955)
		at org.apache.catalina.util.LifecycleBase.init(LifecycleBase.java:122)
		at org.apache.catalina.startup.Catalina.load(Catalina.java:709)
		at org.apache.catalina.startup.Catalina.load(Catalina.java:732)
		at java.base/jdk.internal.reflect.DirectMethodHandleAccessor.invoke(DirectMethodHandleAccessor.java:103)
		at java.base/java.lang.reflect.Method.invoke(Method.java:580)
		at org.apache.catalina.startup.Bootstrap.load(Bootstrap.java:299)
		at org.apache.catalina.startup.Bootstrap.main(Bootstrap.java:472)
	Caused by: java.net.BindException: Address already in use: bind
		at java.base/sun.nio.ch.Net.bind0(Native Method)
		at java.base/sun.nio.ch.Net.bind(Net.java:573)
		at java.base/sun.nio.ch.ServerSocketChannelImpl.netBind(ServerSocketChannelImpl.java:344)
		at java.base/sun.nio.ch.ServerSocketChannelImpl.bind(ServerSocketChannelImpl.java:301)
		at org.apache.tomcat.util.net.NioEndpoint.initServerSocket(NioEndpoint.java:264)
		at org.apache.tomcat.util.net.NioEndpoint.bind(NioEndpoint.java:219)
		at org.apache.tomcat.util.net.AbstractEndpoint.bindWithCleanup(AbstractEndpoint.java:1434)
		at org.apache.tomcat.util.net.AbstractEndpoint.init(AbstractEndpoint.java:1447)
		at org.apache.coyote.AbstractProtocol.init(AbstractProtocol.java:932)
		at org.apache.coyote.http11.AbstractHttp11Protocol.init(AbstractHttp11Protocol.java:82)
		at org.apache.catalina.connector.Connector.initInternal(Connector.java:1082)
		... 11 more
30-May-2026 15:18:46.706 INFO [main] org.apache.catalina.startup.Catalina.load Server initialization in [1216] milliseconds
30-May-2026 15:18:46.797 INFO [main] org.apache.catalina.core.StandardService.startInternal Arrancando servicio [Catalina]
30-May-2026 15:18:46.797 INFO [main] org.apache.catalina.core.StandardEngine.startInternal Starting Servlet engine: [Apache Tomcat/10.1.55]
30-May-2026 15:18:46.816 INFO [main] org.apache.catalina.startup.HostConfig.deployDescriptor Desplieque del descriptor de configuración [C:\UNIVERSIDAD\biblioteca-udb-web\conf\Catalina\localhost\biblioteca-web.xml]
30-May-2026 15:18:47.177 WARNING [main] org.apache.tomcat.util.descriptor.web.WebXml.setVersion Unknown version string [6.1]. Default version will be used.
30-May-2026 15:18:48.317 INFO [main] org.apache.jasper.servlet.TldScanner.scanJars Al menos un JAR, que se ha explorado buscando TLDs, aún no contenía TLDs. Activar historial de depuración para este historiador para una completa lista de los JARs que fueron explorados y de los que nos se halló TLDs. Saltarse JARs no necesarios durante la exploración puede dar lugar a una mejora de tiempo significativa en el arranque y compilación de JSP .
30-May-2026 15:18:48.437 INFO [main] org.apache.catalina.startup.HostConfig.deployDescriptor Deployment of deployment descriptor [C:\UNIVERSIDAD\biblioteca-udb-web\conf\Catalina\localhost\biblioteca-web.xml] has finished in [1.619] ms
30-May-2026 15:18:48.447 INFO [main] org.apache.catalina.startup.Catalina.start Server startup in [1736] milliseconds
30-May-2026 15:20:07.585 INFO [Thread-1] org.apache.coyote.AbstractProtocol.pause Pausing ProtocolHandler ["http-nio-8080"]
30-May-2026 15:20:07.586 INFO [Thread-1] org.apache.catalina.core.StandardService.stopInternal Parando servicio [Catalina]
30-May-2026 15:20:07.601 INFO [Thread-1] org.apache.coyote.AbstractProtocol.stop Stopping ProtocolHandler ["http-nio-8080"]
30-May-2026 15:20:07.602 INFO [Thread-1] org.apache.coyote.AbstractProtocol.destroy Destroying ProtocolHandler ["http-nio-8080"]
30-May-2026 15:21:38.380 INFO [main] org.apache.catalina.startup.VersionLoggerListener.log Nombre de la versión del servidor: Apache Tomcat/10.1.55
30-May-2026 15:21:38.388 INFO [main] org.apache.catalina.startup.VersionLoggerListener.log Server built:                      May 5 2026 13:33:02 UTC
30-May-2026 15:21:38.388 INFO [main] org.apache.catalina.startup.VersionLoggerListener.log Número de versión de servidor:     10.1.55.0
30-May-2026 15:21:38.389 INFO [main] org.apache.catalina.startup.VersionLoggerListener.log OS Name:                           Windows 11
30-May-2026 15:21:38.389 INFO [main] org.apache.catalina.startup.VersionLoggerListener.log Versión de Systema Operativo:      10.0
30-May-2026 15:21:38.390 INFO [main] org.apache.catalina.startup.VersionLoggerListener.log Arquitectura:                      amd64
30-May-2026 15:21:38.390 INFO [main] org.apache.catalina.startup.VersionLoggerListener.log Java Home:                         C:\Program Files\Java\jdk-21.0.10
30-May-2026 15:21:38.390 INFO [main] org.apache.catalina.startup.VersionLoggerListener.log JVM Version:                       21.0.10+8-LTS-217
30-May-2026 15:21:38.390 INFO [main] org.apache.catalina.startup.VersionLoggerListener.log Vededor JVM:                       Oracle Corporation
30-May-2026 15:21:38.390 INFO [main] org.apache.catalina.startup.VersionLoggerListener.log CATALINA_BASE:                     C:\UNIVERSIDAD\biblioteca-udb-web
30-May-2026 15:21:38.390 INFO [main] org.apache.catalina.startup.VersionLoggerListener.log CATALINA_HOME:                     C:\Program Files\Apache Software Foundation\Tomcat 10.1
30-May-2026 15:21:38.406 INFO [main] org.apache.catalina.startup.VersionLoggerListener.log Command line argument:             --add-opens=java.base/java.lang=ALL-UNNAMED
30-May-2026 15:21:38.407 INFO [main] org.apache.catalina.startup.VersionLoggerListener.log Command line argument:             --add-opens=java.base/java.io=ALL-UNNAMED
30-May-2026 15:21:38.407 INFO [main] org.apache.catalina.startup.VersionLoggerListener.log Command line argument:             --add-opens=java.base/java.util=ALL-UNNAMED
30-May-2026 15:21:38.407 INFO [main] org.apache.catalina.startup.VersionLoggerListener.log Command line argument:             --add-opens=java.base/java.util.concurrent=ALL-UNNAMED
30-May-2026 15:21:38.407 INFO [main] org.apache.catalina.startup.VersionLoggerListener.log Command line argument:             --add-opens=java.rmi/sun.rmi.transport=ALL-UNNAMED
30-May-2026 15:21:38.407 INFO [main] org.apache.catalina.startup.VersionLoggerListener.log Command line argument:             -Dcatalina.home=C:\Program Files\Apache Software Foundation\Tomcat 10.1
30-May-2026 15:21:38.407 INFO [main] org.apache.catalina.startup.VersionLoggerListener.log Command line argument:             -Dcatalina.base=C:\UNIVERSIDAD\biblioteca-udb-web
30-May-2026 15:21:38.407 INFO [main] org.apache.catalina.startup.VersionLoggerListener.log Command line argument:             -Djava.io.tmpdir=C:\UNIVERSIDAD\biblioteca-udb-web\temp
30-May-2026 15:21:38.407 INFO [main] org.apache.catalina.startup.VersionLoggerListener.log Command line argument:             -Djava.util.logging.config.file=C:\UNIVERSIDAD\biblioteca-udb-web\conf\logging.properties
30-May-2026 15:21:38.408 INFO [main] org.apache.catalina.startup.VersionLoggerListener.log Command line argument:             -Djava.util.logging.manager=org.apache.juli.ClassLoaderLogManager
30-May-2026 15:21:38.408 INFO [main] org.apache.catalina.startup.VersionLoggerListener.log Command line argument:             -javaagent:C:\Program Files\JetBrains\IntelliJ IDEA 2025.3.2\lib\idea_rt.jar=53891
30-May-2026 15:21:38.408 INFO [main] org.apache.catalina.startup.VersionLoggerListener.log Command line argument:             -Dfile.encoding=UTF-8
30-May-2026 15:21:38.408 INFO [main] org.apache.catalina.startup.VersionLoggerListener.log Command line argument:             -Dsun.stdout.encoding=UTF-8
30-May-2026 15:21:38.409 INFO [main] org.apache.catalina.startup.VersionLoggerListener.log Command line argument:             -Dsun.stderr.encoding=UTF-8
30-May-2026 15:21:38.415 INFO [main] org.apache.catalina.core.AprLifecycleListener.lifecycleEvent La biblioteca nativa de Apache Tomcat basada en ARP que permite un rendimiento óptimo en entornos de desarrollo no ha sido hallada en java.library.path: [C:\Program Files\Java\jdk-21.0.10\bin;C:\WINDOWS\Sun\Java\bin;C:\WINDOWS\system32;C:\WINDOWS;C:\Program Files\Common Files\Oracle\Java\javapath;C:\Program Files\Microsoft MPI\Bin\;C:\WINDOWS\system32;C:\WINDOWS;C:\WINDOWS\System32\Wbem;C:\WINDOWS\System32\WindowsPowerShell\v1.0\;C:\WINDOWS\System32\OpenSSH\;C:\Program Files\dotnet\;C:\Program Files (x86)\Microsoft SQL Server\160\DTS\Binn\;C:\Program Files\Azure Data Studio\bin;C:\Program Files\Google\Google Apps Sync\;C:\Program Files\Microsoft SQL Server\150\Tools\Binn\;C:\Program Files\Microsoft SQL Server\Client SDK\ODBC\170\Tools\Binn\;C:\Program Files\Microsoft SQL Server\170\DTS\Binn\;C:\Program Files\Git\cmd;C:\Program Files (x86)\Microsoft SQL Server\170\Tools\Binn\;C:\Program Files\Microsoft SQL Server\170\Tools\Binn\;C:\Program Files\Microsoft SQL Server\Client SDK\ODBC\180\Tools\Binn\;C:\Program Files\Java\jdk-21.0.10\bin;C:\Program Files\MySQL\MySQL Shell 8.0\bin\;C:\Users\salaalvara\AppData\Local\Microsoft\WindowsApps;C:\Users\salaalvara\.dotnet\tools;C:\Users\salaalvara\AppData\Local\Programs\Microsoft VS Code\bin;C:\Program Files\JetBrains\IntelliJ IDEA 2025.3.2\bin;.]
30-May-2026 15:21:38.853 INFO [main] org.apache.coyote.AbstractProtocol.init Inicializando el manejador de protocolo ["http-nio-8080"]

30-May-2026 15:21:38.874 INFO [main] org.apache.catalina.startup.Catalina.load Server initialization in [914] milliseconds
30-May-2026 15:21:38.952 INFO [main] org.apache.catalina.core.StandardService.startInternal Arrancando servicio [Catalina]
30-May-2026 15:21:38.953 INFO [main] org.apache.catalina.core.StandardEngine.startInternal Starting Servlet engine: [Apache Tomcat/10.1.55]
30-May-2026 15:21:38.970 INFO [main] org.apache.catalina.startup.HostConfig.deployDescriptor Desplieque del descriptor de configuración [C:\UNIVERSIDAD\biblioteca-udb-web\conf\Catalina\localhost\biblioteca-web.xml]
30-May-2026 15:21:39.241 WARNING [main] org.apache.tomcat.util.descriptor.web.WebXml.setVersion Unknown version string [6.1]. Default version will be used.
30-May-2026 15:21:40.310 INFO [main] org.apache.jasper.servlet.TldScanner.scanJars Al menos un JAR, que se ha explorado buscando TLDs, aún no contenía TLDs. Activar historial de depuración para este historiador para una completa lista de los JARs que fueron explorados y de los que nos se halló TLDs. Saltarse JARs no necesarios durante la exploración puede dar lugar a una mejora de tiempo significativa en el arranque y compilación de JSP .
30-May-2026 15:21:40.405 INFO [main] org.apache.catalina.startup.HostConfig.deployDescriptor Deployment of deployment descriptor [C:\UNIVERSIDAD\biblioteca-udb-web\conf\Catalina\localhost\biblioteca-web.xml] has finished in [1.433] ms
30-May-2026 15:21:40.410 INFO [main] org.apache.coyote.AbstractProtocol.start Starting ProtocolHandler ["http-nio-8080"]
30-May-2026 15:21:40.432 INFO [main] org.apache.catalina.startup.Catalina.start Server startup in [1558] milliseconds
30-May-2026 15:21:54.804 INFO [Thread-1] org.apache.coyote.AbstractProtocol.pause Pausing ProtocolHandler ["http-nio-8080"]
30-May-2026 15:21:54.828 INFO [Thread-1] org.apache.catalina.core.StandardService.stopInternal Parando servicio [Catalina]
30-May-2026 15:21:54.836 INFO [Thread-1] org.apache.coyote.AbstractProtocol.stop Stopping ProtocolHandler ["http-nio-8080"]
30-May-2026 15:21:54.847 INFO [Thread-1] org.apache.coyote.AbstractProtocol.destroy Destroying ProtocolHandler ["http-nio-8080"]
30-May-2026 15:23:33.810 INFO [main] org.apache.catalina.startup.VersionLoggerListener.log Nombre de la versión del servidor: Apache Tomcat/10.1.55
30-May-2026 15:23:33.858 INFO [main] org.apache.catalina.startup.VersionLoggerListener.log Server built:                      May 5 2026 13:33:02 UTC
30-May-2026 15:23:33.861 INFO [main] org.apache.catalina.startup.VersionLoggerListener.log Número de versión de servidor:     10.1.55.0
30-May-2026 15:23:33.862 INFO [main] org.apache.catalina.startup.VersionLoggerListener.log OS Name:                           Windows 11
30-May-2026 15:23:33.863 INFO [main] org.apache.catalina.startup.VersionLoggerListener.log Versión de Systema Operativo:      10.0
30-May-2026 15:23:33.864 INFO [main] org.apache.catalina.startup.VersionLoggerListener.log Arquitectura:                      amd64
30-May-2026 15:23:33.864 INFO [main] org.apache.catalina.startup.VersionLoggerListener.log Java Home:                         C:\Program Files\Java\jdk-21.0.10
30-May-2026 15:23:33.864 INFO [main] org.apache.catalina.startup.VersionLoggerListener.log JVM Version:                       21.0.10+8-LTS-217
30-May-2026 15:23:33.864 INFO [main] org.apache.catalina.startup.VersionLoggerListener.log Vededor JVM:                       Oracle Corporation
30-May-2026 15:23:33.864 INFO [main] org.apache.catalina.startup.VersionLoggerListener.log CATALINA_BASE:                     C:\UNIVERSIDAD\biblioteca-udb-web
30-May-2026 15:23:33.865 INFO [main] org.apache.catalina.startup.VersionLoggerListener.log CATALINA_HOME:                     C:\Program Files\Apache Software Foundation\Tomcat 10.1
30-May-2026 15:23:33.920 INFO [main] org.apache.catalina.startup.VersionLoggerListener.log Command line argument:             --add-opens=java.base/java.lang=ALL-UNNAMED
30-May-2026 15:23:33.920 INFO [main] org.apache.catalina.startup.VersionLoggerListener.log Command line argument:             --add-opens=java.base/java.io=ALL-UNNAMED
30-May-2026 15:23:33.920 INFO [main] org.apache.catalina.startup.VersionLoggerListener.log Command line argument:             --add-opens=java.base/java.util=ALL-UNNAMED
30-May-2026 15:23:33.920 INFO [main] org.apache.catalina.startup.VersionLoggerListener.log Command line argument:             --add-opens=java.base/java.util.concurrent=ALL-UNNAMED
30-May-2026 15:23:33.921 INFO [main] org.apache.catalina.startup.VersionLoggerListener.log Command line argument:             --add-opens=java.rmi/sun.rmi.transport=ALL-UNNAMED
30-May-2026 15:23:33.921 INFO [main] org.apache.catalina.startup.VersionLoggerListener.log Command line argument:             -Dcatalina.home=C:\Program Files\Apache Software Foundation\Tomcat 10.1
30-May-2026 15:23:33.921 INFO [main] org.apache.catalina.startup.VersionLoggerListener.log Command line argument:             -Dcatalina.base=C:\UNIVERSIDAD\biblioteca-udb-web
30-May-2026 15:23:33.921 INFO [main] org.apache.catalina.startup.VersionLoggerListener.log Command line argument:             -Djava.io.tmpdir=C:\UNIVERSIDAD\biblioteca-udb-web\temp
30-May-2026 15:23:33.921 INFO [main] org.apache.catalina.startup.VersionLoggerListener.log Command line argument:             -Djava.util.logging.config.file=C:\UNIVERSIDAD\biblioteca-udb-web\conf\logging.properties
30-May-2026 15:23:33.921 INFO [main] org.apache.catalina.startup.VersionLoggerListener.log Command line argument:             -Djava.util.logging.manager=org.apache.juli.ClassLoaderLogManager
30-May-2026 15:23:33.921 INFO [main] org.apache.catalina.startup.VersionLoggerListener.log Command line argument:             -javaagent:C:\Program Files\JetBrains\IntelliJ IDEA 2025.3.2\lib\idea_rt.jar=53591
30-May-2026 15:23:33.921 INFO [main] org.apache.catalina.startup.VersionLoggerListener.log Command line argument:             -Dfile.encoding=UTF-8
30-May-2026 15:23:33.921 INFO [main] org.apache.catalina.startup.VersionLoggerListener.log Command line argument:             -Dsun.stdout.encoding=UTF-8
30-May-2026 15:23:33.922 INFO [main] org.apache.catalina.startup.VersionLoggerListener.log Command line argument:             -Dsun.stderr.encoding=UTF-8
30-May-2026 15:23:33.937 INFO [main] org.apache.catalina.core.AprLifecycleListener.lifecycleEvent La biblioteca nativa de Apache Tomcat basada en ARP que permite un rendimiento óptimo en entornos de desarrollo no ha sido hallada en java.library.path: [C:\Program Files\Java\jdk-21.0.10\bin;C:\WINDOWS\Sun\Java\bin;C:\WINDOWS\system32;C:\WINDOWS;C:\Program Files\Common Files\Oracle\Java\javapath;C:\Program Files\Microsoft MPI\Bin\;C:\WINDOWS\system32;C:\WINDOWS;C:\WINDOWS\System32\Wbem;C:\WINDOWS\System32\WindowsPowerShell\v1.0\;C:\WINDOWS\System32\OpenSSH\;C:\Program Files\dotnet\;C:\Program Files (x86)\Microsoft SQL Server\160\DTS\Binn\;C:\Program Files\Azure Data Studio\bin;C:\Program Files\Google\Google Apps Sync\;C:\Program Files\Microsoft SQL Server\150\Tools\Binn\;C:\Program Files\Microsoft SQL Server\Client SDK\ODBC\170\Tools\Binn\;C:\Program Files\Microsoft SQL Server\170\DTS\Binn\;C:\Program Files\Git\cmd;C:\Program Files (x86)\Microsoft SQL Server\170\Tools\Binn\;C:\Program Files\Microsoft SQL Server\170\Tools\Binn\;C:\Program Files\Microsoft SQL Server\Client SDK\ODBC\180\Tools\Binn\;C:\Program Files\Java\jdk-21.0.10\bin;C:\Program Files\MySQL\MySQL Shell 8.0\bin\;C:\Users\salaalvara\AppData\Local\Microsoft\WindowsApps;C:\Users\salaalvara\.dotnet\tools;C:\Users\salaalvara\AppData\Local\Programs\Microsoft VS Code\bin;C:\Program Files\JetBrains\IntelliJ IDEA 2025.3.2\bin;.]
30-May-2026 15:23:34.314 INFO [main] org.apache.coyote.AbstractProtocol.init Inicializando el manejador de protocolo ["http-nio-8080"]

30-May-2026 15:23:34.335 INFO [main] org.apache.catalina.startup.Catalina.load Server initialization in [763] milliseconds
30-May-2026 15:23:34.456 INFO [main] org.apache.catalina.core.StandardService.startInternal Arrancando servicio [Catalina]
30-May-2026 15:23:34.457 INFO [main] org.apache.catalina.core.StandardEngine.startInternal Starting Servlet engine: [Apache Tomcat/10.1.55]
30-May-2026 15:23:34.476 INFO [main] org.apache.catalina.startup.HostConfig.deployDescriptor Desplieque del descriptor de configuración [C:\UNIVERSIDAD\biblioteca-udb-web\conf\Catalina\localhost\biblioteca-web.xml]
30-May-2026 15:23:34.737 WARNING [main] org.apache.tomcat.util.descriptor.web.WebXml.setVersion Unknown version string [6.1]. Default version will be used.
30-May-2026 15:23:35.646 INFO [main] org.apache.jasper.servlet.TldScanner.scanJars Al menos un JAR, que se ha explorado buscando TLDs, aún no contenía TLDs. Activar historial de depuración para este historiador para una completa lista de los JARs que fueron explorados y de los que nos se halló TLDs. Saltarse JARs no necesarios durante la exploración puede dar lugar a una mejora de tiempo significativa en el arranque y compilación de JSP .
30-May-2026 15:23:35.758 INFO [main] org.apache.catalina.startup.HostConfig.deployDescriptor Deployment of deployment descriptor [C:\UNIVERSIDAD\biblioteca-udb-web\conf\Catalina\localhost\biblioteca-web.xml] has finished in [1.276] ms
30-May-2026 15:23:35.762 INFO [main] org.apache.coyote.AbstractProtocol.start Starting ProtocolHandler ["http-nio-8080"]
30-May-2026 15:23:35.782 INFO [main] org.apache.catalina.startup.Catalina.start Server startup in [1445] milliseconds
30-May-2026 15:33:37.123 INFO [Thread-1] org.apache.coyote.AbstractProtocol.pause Pausing ProtocolHandler ["http-nio-8080"]
30-May-2026 15:33:37.142 INFO [Thread-1] org.apache.catalina.core.StandardService.stopInternal Parando servicio [Catalina]
30-May-2026 15:33:37.147 WARNING [Thread-1] org.apache.catalina.loader.WebappClassLoaderBase.clearReferencesJdbc La aplicación web [biblioteca-web] registró el conductor JDBC [com.mysql.cj.jdbc.Driver] pero falló al anular el registro mientras la aplicación web estaba parada. Para prevenir un fallo de memoria, se ha anulado el registro del conductor JDBC por la fuerza.
30-May-2026 15:33:37.148 WARNING [Thread-1] org.apache.catalina.loader.WebappClassLoaderBase.clearReferencesThreads The web application [biblioteca-web] appears to have started a thread named [mysql-cj-abandoned-connection-cleanup] but has failed to stop it. This is very likely to create a memory leak. Stack trace of thread:
 java.base/jdk.internal.misc.Unsafe.park(Native Method)
 java.base/java.util.concurrent.locks.LockSupport.parkNanos(LockSupport.java:269)
 java.base/java.util.concurrent.locks.AbstractQueuedSynchronizer$ConditionObject.await(AbstractQueuedSynchronizer.java:1852)
 java.base/java.lang.ref.ReferenceQueue.await(ReferenceQueue.java:71)
 java.base/java.lang.ref.ReferenceQueue.remove0(ReferenceQueue.java:143)
 java.base/java.lang.ref.ReferenceQueue.remove(ReferenceQueue.java:218)
 com.mysql.cj.jdbc.AbandonedConnectionCleanupThread.run(AbandonedConnectionCleanupThread.java:93)
 java.base/java.util.concurrent.ThreadPoolExecutor.runWorker(ThreadPoolExecutor.java:1144)
 java.base/java.util.concurrent.ThreadPoolExecutor$Worker.run(ThreadPoolExecutor.java:642)
 java.base/java.lang.Thread.run(Thread.java:1583)
30-May-2026 15:33:37.152 INFO [Thread-1] org.apache.coyote.AbstractProtocol.stop Stopping ProtocolHandler ["http-nio-8080"]
30-May-2026 15:33:37.157 INFO [Thread-1] org.apache.coyote.AbstractProtocol.destroy Destroying ProtocolHandler ["http-nio-8080"]
30-May-2026 15:34:35.389 INFO [main] org.apache.catalina.startup.VersionLoggerListener.log Nombre de la versión del servidor: Apache Tomcat/10.1.55
30-May-2026 15:34:35.426 INFO [main] org.apache.catalina.startup.VersionLoggerListener.log Server built:                      May 5 2026 13:33:02 UTC
30-May-2026 15:34:35.426 INFO [main] org.apache.catalina.startup.VersionLoggerListener.log Número de versión de servidor:     10.1.55.0
30-May-2026 15:34:35.426 INFO [main] org.apache.catalina.startup.VersionLoggerListener.log OS Name:                           Windows 11
30-May-2026 15:34:35.427 INFO [main] org.apache.catalina.startup.VersionLoggerListener.log Versión de Systema Operativo:      10.0
30-May-2026 15:34:35.427 INFO [main] org.apache.catalina.startup.VersionLoggerListener.log Arquitectura:                      amd64
30-May-2026 15:34:35.427 INFO [main] org.apache.catalina.startup.VersionLoggerListener.log Java Home:                         C:\Program Files\Java\jdk-21.0.10
30-May-2026 15:34:35.427 INFO [main] org.apache.catalina.startup.VersionLoggerListener.log JVM Version:                       21.0.10+8-LTS-217
30-May-2026 15:34:35.427 INFO [main] org.apache.catalina.startup.VersionLoggerListener.log Vededor JVM:                       Oracle Corporation
30-May-2026 15:34:35.428 INFO [main] org.apache.catalina.startup.VersionLoggerListener.log CATALINA_BASE:                     C:\UNIVERSIDAD\biblioteca-udb-web
30-May-2026 15:34:35.428 INFO [main] org.apache.catalina.startup.VersionLoggerListener.log CATALINA_HOME:                     C:\Program Files\Apache Software Foundation\Tomcat 10.1
30-May-2026 15:34:35.456 INFO [main] org.apache.catalina.startup.VersionLoggerListener.log Command line argument:             --add-opens=java.base/java.lang=ALL-UNNAMED
30-May-2026 15:34:35.456 INFO [main] org.apache.catalina.startup.VersionLoggerListener.log Command line argument:             --add-opens=java.base/java.io=ALL-UNNAMED
30-May-2026 15:34:35.456 INFO [main] org.apache.catalina.startup.VersionLoggerListener.log Command line argument:             --add-opens=java.base/java.util=ALL-UNNAMED
30-May-2026 15:34:35.456 INFO [main] org.apache.catalina.startup.VersionLoggerListener.log Command line argument:             --add-opens=java.base/java.util.concurrent=ALL-UNNAMED
30-May-2026 15:34:35.457 INFO [main] org.apache.catalina.startup.VersionLoggerListener.log Command line argument:             --add-opens=java.rmi/sun.rmi.transport=ALL-UNNAMED
30-May-2026 15:34:35.457 INFO [main] org.apache.catalina.startup.VersionLoggerListener.log Command line argument:             -Dcatalina.home=C:\Program Files\Apache Software Foundation\Tomcat 10.1
30-May-2026 15:34:35.457 INFO [main] org.apache.catalina.startup.VersionLoggerListener.log Command line argument:             -Dcatalina.base=C:\UNIVERSIDAD\biblioteca-udb-web
30-May-2026 15:34:35.458 INFO [main] org.apache.catalina.startup.VersionLoggerListener.log Command line argument:             -Djava.io.tmpdir=C:\UNIVERSIDAD\biblioteca-udb-web\temp
30-May-2026 15:34:35.458 INFO [main] org.apache.catalina.startup.VersionLoggerListener.log Command line argument:             -Djava.util.logging.config.file=C:\UNIVERSIDAD\biblioteca-udb-web\conf\logging.properties
30-May-2026 15:34:35.458 INFO [main] org.apache.catalina.startup.VersionLoggerListener.log Command line argument:             -Djava.util.logging.manager=org.apache.juli.ClassLoaderLogManager
30-May-2026 15:34:35.458 INFO [main] org.apache.catalina.startup.VersionLoggerListener.log Command line argument:             -javaagent:C:\Program Files\JetBrains\IntelliJ IDEA 2025.3.2\lib\idea_rt.jar=60593
30-May-2026 15:34:35.458 INFO [main] org.apache.catalina.startup.VersionLoggerListener.log Command line argument:             -Dfile.encoding=UTF-8
30-May-2026 15:34:35.459 INFO [main] org.apache.catalina.startup.VersionLoggerListener.log Command line argument:             -Dsun.stdout.encoding=UTF-8
30-May-2026 15:34:35.459 INFO [main] org.apache.catalina.startup.VersionLoggerListener.log Command line argument:             -Dsun.stderr.encoding=UTF-8
30-May-2026 15:34:35.482 INFO [main] org.apache.catalina.core.AprLifecycleListener.lifecycleEvent La biblioteca nativa de Apache Tomcat basada en ARP que permite un rendimiento óptimo en entornos de desarrollo no ha sido hallada en java.library.path: [C:\Program Files\Java\jdk-21.0.10\bin;C:\WINDOWS\Sun\Java\bin;C:\WINDOWS\system32;C:\WINDOWS;C:\Program Files\Common Files\Oracle\Java\javapath;C:\Program Files\Microsoft MPI\Bin\;C:\WINDOWS\system32;C:\WINDOWS;C:\WINDOWS\System32\Wbem;C:\WINDOWS\System32\WindowsPowerShell\v1.0\;C:\WINDOWS\System32\OpenSSH\;C:\Program Files\dotnet\;C:\Program Files (x86)\Microsoft SQL Server\160\DTS\Binn\;C:\Program Files\Azure Data Studio\bin;C:\Program Files\Google\Google Apps Sync\;C:\Program Files\Microsoft SQL Server\150\Tools\Binn\;C:\Program Files\Microsoft SQL Server\Client SDK\ODBC\170\Tools\Binn\;C:\Program Files\Microsoft SQL Server\170\DTS\Binn\;C:\Program Files\Git\cmd;C:\Program Files (x86)\Microsoft SQL Server\170\Tools\Binn\;C:\Program Files\Microsoft SQL Server\170\Tools\Binn\;C:\Program Files\Microsoft SQL Server\Client SDK\ODBC\180\Tools\Binn\;C:\Program Files\Java\jdk-21.0.10\bin;C:\Program Files\MySQL\MySQL Shell 8.0\bin\;C:\Users\salaalvara\AppData\Local\Microsoft\WindowsApps;C:\Users\salaalvara\.dotnet\tools;C:\Users\salaalvara\AppData\Local\Programs\Microsoft VS Code\bin;C:\Program Files\JetBrains\IntelliJ IDEA 2025.3.2\bin;.]
30-May-2026 15:34:35.818 INFO [main] org.apache.coyote.AbstractProtocol.init Inicializando el manejador de protocolo ["http-nio-8080"]

30-May-2026 15:34:35.836 INFO [main] org.apache.catalina.startup.Catalina.load Server initialization in [670] milliseconds
30-May-2026 15:34:35.914 INFO [main] org.apache.catalina.core.StandardService.startInternal Arrancando servicio [Catalina]
30-May-2026 15:34:35.915 INFO [main] org.apache.catalina.core.StandardEngine.startInternal Starting Servlet engine: [Apache Tomcat/10.1.55]
30-May-2026 15:34:35.941 INFO [main] org.apache.catalina.startup.HostConfig.deployDescriptor Desplieque del descriptor de configuración [C:\UNIVERSIDAD\biblioteca-udb-web\conf\Catalina\localhost\biblioteca-web.xml]
30-May-2026 15:34:36.127 WARNING [main] org.apache.tomcat.util.descriptor.web.WebXml.setVersion Unknown version string [6.1]. Default version will be used.
30-May-2026 15:34:37.068 INFO [main] org.apache.jasper.servlet.TldScanner.scanJars Al menos un JAR, que se ha explorado buscando TLDs, aún no contenía TLDs. Activar historial de depuración para este historiador para una completa lista de los JARs que fueron explorados y de los que nos se halló TLDs. Saltarse JARs no necesarios durante la exploración puede dar lugar a una mejora de tiempo significativa en el arranque y compilación de JSP .
30-May-2026 15:34:37.141 INFO [main] org.apache.catalina.startup.HostConfig.deployDescriptor Deployment of deployment descriptor [C:\UNIVERSIDAD\biblioteca-udb-web\conf\Catalina\localhost\biblioteca-web.xml] has finished in [1.197] ms
30-May-2026 15:34:37.146 INFO [main] org.apache.coyote.AbstractProtocol.start Starting ProtocolHandler ["http-nio-8080"]
30-May-2026 15:34:37.170 INFO [main] org.apache.catalina.startup.Catalina.start Server startup in [1333] milliseconds
30-May-2026 15:36:25.562 INFO [Thread-1] org.apache.coyote.AbstractProtocol.pause Pausing ProtocolHandler ["http-nio-8080"]
30-May-2026 15:36:25.582 INFO [Thread-1] org.apache.catalina.core.StandardService.stopInternal Parando servicio [Catalina]
30-May-2026 15:36:25.586 WARNING [Thread-1] org.apache.catalina.loader.WebappClassLoaderBase.clearReferencesJdbc La aplicación web [biblioteca-web] registró el conductor JDBC [com.mysql.cj.jdbc.Driver] pero falló al anular el registro mientras la aplicación web estaba parada. Para prevenir un fallo de memoria, se ha anulado el registro del conductor JDBC por la fuerza.
30-May-2026 15:36:25.586 WARNING [Thread-1] org.apache.catalina.loader.WebappClassLoaderBase.clearReferencesThreads The web application [biblioteca-web] appears to have started a thread named [mysql-cj-abandoned-connection-cleanup] but has failed to stop it. This is very likely to create a memory leak. Stack trace of thread:
 java.base/jdk.internal.misc.Unsafe.park(Native Method)
 java.base/java.util.concurrent.locks.LockSupport.parkNanos(LockSupport.java:269)
 java.base/java.util.concurrent.locks.AbstractQueuedSynchronizer$ConditionObject.await(AbstractQueuedSynchronizer.java:1852)
 java.base/java.lang.ref.ReferenceQueue.await(ReferenceQueue.java:71)
 java.base/java.lang.ref.ReferenceQueue.remove0(ReferenceQueue.java:143)
 java.base/java.lang.ref.ReferenceQueue.remove(ReferenceQueue.java:218)
 com.mysql.cj.jdbc.AbandonedConnectionCleanupThread.run(AbandonedConnectionCleanupThread.java:93)
 java.base/java.util.concurrent.ThreadPoolExecutor.runWorker(ThreadPoolExecutor.java:1144)
 java.base/java.util.concurrent.ThreadPoolExecutor$Worker.run(ThreadPoolExecutor.java:642)
 java.base/java.lang.Thread.run(Thread.java:1583)
30-May-2026 15:36:25.595 INFO [Thread-1] org.apache.coyote.AbstractProtocol.stop Stopping ProtocolHandler ["http-nio-8080"]
30-May-2026 15:36:25.605 INFO [Thread-1] org.apache.coyote.AbstractProtocol.destroy Destroying ProtocolHandler ["http-nio-8080"]
30-May-2026 15:39:20.029 INFO [main] org.apache.catalina.startup.VersionLoggerListener.log Nombre de la versión del servidor: Apache Tomcat/10.1.55
30-May-2026 15:39:20.036 INFO [main] org.apache.catalina.startup.VersionLoggerListener.log Server built:                      May 5 2026 13:33:02 UTC
30-May-2026 15:39:20.036 INFO [main] org.apache.catalina.startup.VersionLoggerListener.log Número de versión de servidor:     10.1.55.0
30-May-2026 15:39:20.037 INFO [main] org.apache.catalina.startup.VersionLoggerListener.log OS Name:                           Windows 11
30-May-2026 15:39:20.037 INFO [main] org.apache.catalina.startup.VersionLoggerListener.log Versión de Systema Operativo:      10.0
30-May-2026 15:39:20.037 INFO [main] org.apache.catalina.startup.VersionLoggerListener.log Arquitectura:                      amd64
30-May-2026 15:39:20.037 INFO [main] org.apache.catalina.startup.VersionLoggerListener.log Java Home:                         C:\Program Files\Java\jdk-21.0.10
30-May-2026 15:39:20.037 INFO [main] org.apache.catalina.startup.VersionLoggerListener.log JVM Version:                       21.0.10+8-LTS-217
30-May-2026 15:39:20.037 INFO [main] org.apache.catalina.startup.VersionLoggerListener.log Vededor JVM:                       Oracle Corporation
30-May-2026 15:39:20.037 INFO [main] org.apache.catalina.startup.VersionLoggerListener.log CATALINA_BASE:                     C:\UNIVERSIDAD\biblioteca-udb-web
30-May-2026 15:39:20.037 INFO [main] org.apache.catalina.startup.VersionLoggerListener.log CATALINA_HOME:                     C:\Program Files\Apache Software Foundation\Tomcat 10.1
30-May-2026 15:39:20.047 INFO [main] org.apache.catalina.startup.VersionLoggerListener.log Command line argument:             --add-opens=java.base/java.lang=ALL-UNNAMED
30-May-2026 15:39:20.047 INFO [main] org.apache.catalina.startup.VersionLoggerListener.log Command line argument:             --add-opens=java.base/java.io=ALL-UNNAMED
30-May-2026 15:39:20.048 INFO [main] org.apache.catalina.startup.VersionLoggerListener.log Command line argument:             --add-opens=java.base/java.util=ALL-UNNAMED
30-May-2026 15:39:20.048 INFO [main] org.apache.catalina.startup.VersionLoggerListener.log Command line argument:             --add-opens=java.base/java.util.concurrent=ALL-UNNAMED
30-May-2026 15:39:20.048 INFO [main] org.apache.catalina.startup.VersionLoggerListener.log Command line argument:             --add-opens=java.rmi/sun.rmi.transport=ALL-UNNAMED
30-May-2026 15:39:20.048 INFO [main] org.apache.catalina.startup.VersionLoggerListener.log Command line argument:             -Dcatalina.home=C:\Program Files\Apache Software Foundation\Tomcat 10.1
30-May-2026 15:39:20.048 INFO [main] org.apache.catalina.startup.VersionLoggerListener.log Command line argument:             -Dcatalina.base=C:\UNIVERSIDAD\biblioteca-udb-web
30-May-2026 15:39:20.048 INFO [main] org.apache.catalina.startup.VersionLoggerListener.log Command line argument:             -Djava.io.tmpdir=C:\UNIVERSIDAD\biblioteca-udb-web\temp
30-May-2026 15:39:20.048 INFO [main] org.apache.catalina.startup.VersionLoggerListener.log Command line argument:             -Djava.util.logging.config.file=C:\UNIVERSIDAD\biblioteca-udb-web\conf\logging.properties
30-May-2026 15:39:20.048 INFO [main] org.apache.catalina.startup.VersionLoggerListener.log Command line argument:             -Djava.util.logging.manager=org.apache.juli.ClassLoaderLogManager
30-May-2026 15:39:20.048 INFO [main] org.apache.catalina.startup.VersionLoggerListener.log Command line argument:             -javaagent:C:\Program Files\JetBrains\IntelliJ IDEA 2025.3.2\lib\idea_rt.jar=63265
30-May-2026 15:39:20.048 INFO [main] org.apache.catalina.startup.VersionLoggerListener.log Command line argument:             -Dfile.encoding=UTF-8
30-May-2026 15:39:20.049 INFO [main] org.apache.catalina.startup.VersionLoggerListener.log Command line argument:             -Dsun.stdout.encoding=UTF-8
30-May-2026 15:39:20.049 INFO [main] org.apache.catalina.startup.VersionLoggerListener.log Command line argument:             -Dsun.stderr.encoding=UTF-8
30-May-2026 15:39:20.069 INFO [main] org.apache.catalina.core.AprLifecycleListener.lifecycleEvent La biblioteca nativa de Apache Tomcat basada en ARP que permite un rendimiento óptimo en entornos de desarrollo no ha sido hallada en java.library.path: [C:\Program Files\Java\jdk-21.0.10\bin;C:\WINDOWS\Sun\Java\bin;C:\WINDOWS\system32;C:\WINDOWS;C:\Program Files\Common Files\Oracle\Java\javapath;C:\Program Files\Microsoft MPI\Bin\;C:\WINDOWS\system32;C:\WINDOWS;C:\WINDOWS\System32\Wbem;C:\WINDOWS\System32\WindowsPowerShell\v1.0\;C:\WINDOWS\System32\OpenSSH\;C:\Program Files\dotnet\;C:\Program Files (x86)\Microsoft SQL Server\160\DTS\Binn\;C:\Program Files\Azure Data Studio\bin;C:\Program Files\Google\Google Apps Sync\;C:\Program Files\Microsoft SQL Server\150\Tools\Binn\;C:\Program Files\Microsoft SQL Server\Client SDK\ODBC\170\Tools\Binn\;C:\Program Files\Microsoft SQL Server\170\DTS\Binn\;C:\Program Files\Git\cmd;C:\Program Files (x86)\Microsoft SQL Server\170\Tools\Binn\;C:\Program Files\Microsoft SQL Server\170\Tools\Binn\;C:\Program Files\Microsoft SQL Server\Client SDK\ODBC\180\Tools\Binn\;C:\Program Files\Java\jdk-21.0.10\bin;C:\Program Files\MySQL\MySQL Shell 8.0\bin\;C:\Users\salaalvara\AppData\Local\Microsoft\WindowsApps;C:\Users\salaalvara\.dotnet\tools;C:\Users\salaalvara\AppData\Local\Programs\Microsoft VS Code\bin;C:\Program Files\JetBrains\IntelliJ IDEA 2025.3.2\bin;.]
30-May-2026 15:39:20.496 INFO [main] org.apache.coyote.AbstractProtocol.init Inicializando el manejador de protocolo ["http-nio-8080"]

30-May-2026 15:39:20.515 INFO [main] org.apache.catalina.startup.Catalina.load Server initialization in [710] milliseconds
30-May-2026 15:39:20.596 INFO [main] org.apache.catalina.core.StandardService.startInternal Arrancando servicio [Catalina]
30-May-2026 15:39:20.597 INFO [main] org.apache.catalina.core.StandardEngine.startInternal Starting Servlet engine: [Apache Tomcat/10.1.55]
30-May-2026 15:39:20.612 INFO [main] org.apache.catalina.startup.HostConfig.deployDescriptor Desplieque del descriptor de configuración [C:\UNIVERSIDAD\biblioteca-udb-web\conf\Catalina\localhost\biblioteca-web.xml]
30-May-2026 15:39:20.779 WARNING [main] org.apache.tomcat.util.descriptor.web.WebXml.setVersion Unknown version string [6.1]. Default version will be used.
30-May-2026 15:39:21.736 INFO [main] org.apache.jasper.servlet.TldScanner.scanJars Al menos un JAR, que se ha explorado buscando TLDs, aún no contenía TLDs. Activar historial de depuración para este historiador para una completa lista de los JARs que fueron explorados y de los que nos se halló TLDs. Saltarse JARs no necesarios durante la exploración puede dar lugar a una mejora de tiempo significativa en el arranque y compilación de JSP .
30-May-2026 15:39:21.813 INFO [main] org.apache.catalina.startup.HostConfig.deployDescriptor Deployment of deployment descriptor [C:\UNIVERSIDAD\biblioteca-udb-web\conf\Catalina\localhost\biblioteca-web.xml] has finished in [1.200] ms
30-May-2026 15:39:21.818 INFO [main] org.apache.coyote.AbstractProtocol.start Starting ProtocolHandler ["http-nio-8080"]
30-May-2026 15:39:21.839 INFO [main] org.apache.catalina.startup.Catalina.start Server startup in [1320] milliseconds
30-May-2026 16:04:05.866 INFO [Thread-1] org.apache.coyote.AbstractProtocol.pause Pausing ProtocolHandler ["http-nio-8080"]
30-May-2026 16:04:05.881 INFO [Thread-1] org.apache.catalina.core.StandardService.stopInternal Parando servicio [Catalina]
30-May-2026 16:04:05.890 WARNING [Thread-1] org.apache.catalina.loader.WebappClassLoaderBase.clearReferencesJdbc La aplicación web [biblioteca-web] registró el conductor JDBC [com.mysql.cj.jdbc.Driver] pero falló al anular el registro mientras la aplicación web estaba parada. Para prevenir un fallo de memoria, se ha anulado el registro del conductor JDBC por la fuerza.
30-May-2026 16:04:05.890 WARNING [Thread-1] org.apache.catalina.loader.WebappClassLoaderBase.clearReferencesThreads The web application [biblioteca-web] appears to have started a thread named [mysql-cj-abandoned-connection-cleanup] but has failed to stop it. This is very likely to create a memory leak. Stack trace of thread:
 java.base/jdk.internal.misc.Unsafe.park(Native Method)
 java.base/java.util.concurrent.locks.LockSupport.parkNanos(LockSupport.java:269)
 java.base/java.util.concurrent.locks.AbstractQueuedSynchronizer$ConditionObject.await(AbstractQueuedSynchronizer.java:1852)
 java.base/java.lang.ref.ReferenceQueue.await(ReferenceQueue.java:71)
 java.base/java.lang.ref.ReferenceQueue.remove0(ReferenceQueue.java:143)
 java.base/java.lang.ref.ReferenceQueue.remove(ReferenceQueue.java:218)
 com.mysql.cj.jdbc.AbandonedConnectionCleanupThread.run(AbandonedConnectionCleanupThread.java:93)
 java.base/java.util.concurrent.ThreadPoolExecutor.runWorker(ThreadPoolExecutor.java:1144)
 java.base/java.util.concurrent.ThreadPoolExecutor$Worker.run(ThreadPoolExecutor.java:642)
 java.base/java.lang.Thread.run(Thread.java:1583)
30-May-2026 16:04:05.898 INFO [Thread-1] org.apache.coyote.AbstractProtocol.stop Stopping ProtocolHandler ["http-nio-8080"]
30-May-2026 16:04:05.910 INFO [Thread-1] org.apache.coyote.AbstractProtocol.destroy Destroying ProtocolHandler ["http-nio-8080"]
30-May-2026 16:25:57.760 INFO [main] org.apache.catalina.startup.VersionLoggerListener.log Nombre de la versión del servidor: Apache Tomcat/10.1.55
30-May-2026 16:25:57.765 INFO [main] org.apache.catalina.startup.VersionLoggerListener.log Server built:                      May 5 2026 13:33:02 UTC
30-May-2026 16:25:57.766 INFO [main] org.apache.catalina.startup.VersionLoggerListener.log Número de versión de servidor:     10.1.55.0
30-May-2026 16:25:57.766 INFO [main] org.apache.catalina.startup.VersionLoggerListener.log OS Name:                           Windows 11
30-May-2026 16:25:57.766 INFO [main] org.apache.catalina.startup.VersionLoggerListener.log Versión de Systema Operativo:      10.0
30-May-2026 16:25:57.766 INFO [main] org.apache.catalina.startup.VersionLoggerListener.log Arquitectura:                      amd64
30-May-2026 16:25:57.766 INFO [main] org.apache.catalina.startup.VersionLoggerListener.log Java Home:                         C:\Program Files\Java\jdk-21.0.10
30-May-2026 16:25:57.766 INFO [main] org.apache.catalina.startup.VersionLoggerListener.log JVM Version:                       21.0.10+8-LTS-217
30-May-2026 16:25:57.766 INFO [main] org.apache.catalina.startup.VersionLoggerListener.log Vededor JVM:                       Oracle Corporation
30-May-2026 16:25:57.766 INFO [main] org.apache.catalina.startup.VersionLoggerListener.log CATALINA_BASE:                     C:\UNIVERSIDAD\biblioteca-udb-web
30-May-2026 16:25:57.767 INFO [main] org.apache.catalina.startup.VersionLoggerListener.log CATALINA_HOME:                     C:\Program Files\Apache Software Foundation\Tomcat 10.1
30-May-2026 16:25:57.786 INFO [main] org.apache.catalina.startup.VersionLoggerListener.log Command line argument:             --add-opens=java.base/java.lang=ALL-UNNAMED
30-May-2026 16:25:57.786 INFO [main] org.apache.catalina.startup.VersionLoggerListener.log Command line argument:             --add-opens=java.base/java.io=ALL-UNNAMED
30-May-2026 16:25:57.786 INFO [main] org.apache.catalina.startup.VersionLoggerListener.log Command line argument:             --add-opens=java.base/java.util=ALL-UNNAMED
30-May-2026 16:25:57.786 INFO [main] org.apache.catalina.startup.VersionLoggerListener.log Command line argument:             --add-opens=java.base/java.util.concurrent=ALL-UNNAMED
30-May-2026 16:25:57.786 INFO [main] org.apache.catalina.startup.VersionLoggerListener.log Command line argument:             --add-opens=java.rmi/sun.rmi.transport=ALL-UNNAMED
30-May-2026 16:25:57.786 INFO [main] org.apache.catalina.startup.VersionLoggerListener.log Command line argument:             -Dcatalina.home=C:\Program Files\Apache Software Foundation\Tomcat 10.1
30-May-2026 16:25:57.787 INFO [main] org.apache.catalina.startup.VersionLoggerListener.log Command line argument:             -Dcatalina.base=C:\UNIVERSIDAD\biblioteca-udb-web
30-May-2026 16:25:57.787 INFO [main] org.apache.catalina.startup.VersionLoggerListener.log Command line argument:             -Djava.io.tmpdir=C:\UNIVERSIDAD\biblioteca-udb-web\temp
30-May-2026 16:25:57.787 INFO [main] org.apache.catalina.startup.VersionLoggerListener.log Command line argument:             -Djava.util.logging.config.file=C:\UNIVERSIDAD\biblioteca-udb-web\conf\logging.properties
30-May-2026 16:25:57.787 INFO [main] org.apache.catalina.startup.VersionLoggerListener.log Command line argument:             -Djava.util.logging.manager=org.apache.juli.ClassLoaderLogManager
30-May-2026 16:25:57.787 INFO [main] org.apache.catalina.startup.VersionLoggerListener.log Command line argument:             -javaagent:C:\Program Files\JetBrains\IntelliJ IDEA 2025.3.2\lib\idea_rt.jar=63700
30-May-2026 16:25:57.787 INFO [main] org.apache.catalina.startup.VersionLoggerListener.log Command line argument:             -Dfile.encoding=UTF-8
30-May-2026 16:25:57.788 INFO [main] org.apache.catalina.startup.VersionLoggerListener.log Command line argument:             -Dsun.stdout.encoding=UTF-8
30-May-2026 16:25:57.788 INFO [main] org.apache.catalina.startup.VersionLoggerListener.log Command line argument:             -Dsun.stderr.encoding=UTF-8
30-May-2026 16:25:57.805 INFO [main] org.apache.catalina.core.AprLifecycleListener.lifecycleEvent La biblioteca nativa de Apache Tomcat basada en ARP que permite un rendimiento óptimo en entornos de desarrollo no ha sido hallada en java.library.path: [C:\Program Files\Java\jdk-21.0.10\bin;C:\WINDOWS\Sun\Java\bin;C:\WINDOWS\system32;C:\WINDOWS;C:\Program Files\Common Files\Oracle\Java\javapath;C:\Program Files\Microsoft MPI\Bin\;C:\WINDOWS\system32;C:\WINDOWS;C:\WINDOWS\System32\Wbem;C:\WINDOWS\System32\WindowsPowerShell\v1.0\;C:\WINDOWS\System32\OpenSSH\;C:\Program Files\dotnet\;C:\Program Files (x86)\Microsoft SQL Server\160\DTS\Binn\;C:\Program Files\Azure Data Studio\bin;C:\Program Files\Google\Google Apps Sync\;C:\Program Files\Microsoft SQL Server\150\Tools\Binn\;C:\Program Files\Microsoft SQL Server\Client SDK\ODBC\170\Tools\Binn\;C:\Program Files\Microsoft SQL Server\170\DTS\Binn\;C:\Program Files\Git\cmd;C:\Program Files (x86)\Microsoft SQL Server\170\Tools\Binn\;C:\Program Files\Microsoft SQL Server\170\Tools\Binn\;C:\Program Files\Microsoft SQL Server\Client SDK\ODBC\180\Tools\Binn\;C:\Program Files\Java\jdk-21.0.10\bin;C:\Program Files\MySQL\MySQL Shell 8.0\bin\;C:\Users\salaalvara\AppData\Local\Microsoft\WindowsApps;C:\Users\salaalvara\.dotnet\tools;C:\Users\salaalvara\AppData\Local\Programs\Microsoft VS Code\bin;C:\Program Files\JetBrains\IntelliJ IDEA 2025.3.2\bin;.]
30-May-2026 16:25:58.205 INFO [main] org.apache.coyote.AbstractProtocol.init Inicializando el manejador de protocolo ["http-nio-8080"]

30-May-2026 16:25:58.220 INFO [main] org.apache.catalina.startup.Catalina.load Server initialization in [661] milliseconds
30-May-2026 16:25:58.278 INFO [main] org.apache.catalina.core.StandardService.startInternal Arrancando servicio [Catalina]
30-May-2026 16:25:58.278 INFO [main] org.apache.catalina.core.StandardEngine.startInternal Starting Servlet engine: [Apache Tomcat/10.1.55]
30-May-2026 16:25:58.298 INFO [main] org.apache.catalina.startup.HostConfig.deployDescriptor Desplieque del descriptor de configuración [C:\UNIVERSIDAD\biblioteca-udb-web\conf\Catalina\localhost\biblioteca-web.xml]
30-May-2026 16:25:58.432 WARNING [main] org.apache.tomcat.util.descriptor.web.WebXml.setVersion Unknown version string [6.1]. Default version will be used.
30-May-2026 16:25:59.293 INFO [main] org.apache.jasper.servlet.TldScanner.scanJars Al menos un JAR, que se ha explorado buscando TLDs, aún no contenía TLDs. Activar historial de depuración para este historiador para una completa lista de los JARs que fueron explorados y de los que nos se halló TLDs. Saltarse JARs no necesarios durante la exploración puede dar lugar a una mejora de tiempo significativa en el arranque y compilación de JSP .
30-May-2026 16:25:59.353 INFO [main] org.apache.catalina.startup.HostConfig.deployDescriptor Deployment of deployment descriptor [C:\UNIVERSIDAD\biblioteca-udb-web\conf\Catalina\localhost\biblioteca-web.xml] has finished in [1.054] ms
30-May-2026 16:25:59.357 INFO [main] org.apache.coyote.AbstractProtocol.start Starting ProtocolHandler ["http-nio-8080"]
30-May-2026 16:25:59.378 INFO [main] org.apache.catalina.startup.Catalina.start Server startup in [1157] milliseconds
30-May-2026 16:30:16.230 INFO [Thread-1] org.apache.coyote.AbstractProtocol.pause Pausing ProtocolHandler ["http-nio-8080"]
30-May-2026 16:30:16.235 INFO [Thread-1] org.apache.catalina.core.StandardService.stopInternal Parando servicio [Catalina]
30-May-2026 16:30:16.239 WARNING [Thread-1] org.apache.catalina.loader.WebappClassLoaderBase.clearReferencesJdbc La aplicación web [biblioteca-web] registró el conductor JDBC [com.mysql.cj.jdbc.Driver] pero falló al anular el registro mientras la aplicación web estaba parada. Para prevenir un fallo de memoria, se ha anulado el registro del conductor JDBC por la fuerza.
30-May-2026 16:30:16.239 WARNING [Thread-1] org.apache.catalina.loader.WebappClassLoaderBase.clearReferencesThreads The web application [biblioteca-web] appears to have started a thread named [mysql-cj-abandoned-connection-cleanup] but has failed to stop it. This is very likely to create a memory leak. Stack trace of thread:
 java.base/jdk.internal.misc.Unsafe.park(Native Method)
 java.base/java.util.concurrent.locks.LockSupport.parkNanos(LockSupport.java:269)
 java.base/java.util.concurrent.locks.AbstractQueuedSynchronizer$ConditionObject.await(AbstractQueuedSynchronizer.java:1852)
 java.base/java.lang.ref.ReferenceQueue.await(ReferenceQueue.java:71)
 java.base/java.lang.ref.ReferenceQueue.remove0(ReferenceQueue.java:143)
 java.base/java.lang.ref.ReferenceQueue.remove(ReferenceQueue.java:218)
 com.mysql.cj.jdbc.AbandonedConnectionCleanupThread.run(AbandonedConnectionCleanupThread.java:93)
 java.base/java.util.concurrent.ThreadPoolExecutor.runWorker(ThreadPoolExecutor.java:1144)
 java.base/java.util.concurrent.ThreadPoolExecutor$Worker.run(ThreadPoolExecutor.java:642)
 java.base/java.lang.Thread.run(Thread.java:1583)
30-May-2026 16:30:16.241 INFO [Thread-1] org.apache.coyote.AbstractProtocol.stop Stopping ProtocolHandler ["http-nio-8080"]
30-May-2026 16:30:16.248 INFO [Thread-1] org.apache.coyote.AbstractProtocol.destroy Destroying ProtocolHandler ["http-nio-8080"]
30-May-2026 16:30:44.650 INFO [main] org.apache.catalina.startup.VersionLoggerListener.log Nombre de la versión del servidor: Apache Tomcat/10.1.55
30-May-2026 16:30:44.654 INFO [main] org.apache.catalina.startup.VersionLoggerListener.log Server built:                      May 5 2026 13:33:02 UTC
30-May-2026 16:30:44.655 INFO [main] org.apache.catalina.startup.VersionLoggerListener.log Número de versión de servidor:     10.1.55.0
30-May-2026 16:30:44.655 INFO [main] org.apache.catalina.startup.VersionLoggerListener.log OS Name:                           Windows 11
30-May-2026 16:30:44.655 INFO [main] org.apache.catalina.startup.VersionLoggerListener.log Versión de Systema Operativo:      10.0
30-May-2026 16:30:44.655 INFO [main] org.apache.catalina.startup.VersionLoggerListener.log Arquitectura:                      amd64
30-May-2026 16:30:44.655 INFO [main] org.apache.catalina.startup.VersionLoggerListener.log Java Home:                         C:\Program Files\Java\jdk-21.0.10
30-May-2026 16:30:44.655 INFO [main] org.apache.catalina.startup.VersionLoggerListener.log JVM Version:                       21.0.10+8-LTS-217
30-May-2026 16:30:44.655 INFO [main] org.apache.catalina.startup.VersionLoggerListener.log Vededor JVM:                       Oracle Corporation
30-May-2026 16:30:44.655 INFO [main] org.apache.catalina.startup.VersionLoggerListener.log CATALINA_BASE:                     C:\UNIVERSIDAD\biblioteca-udb-web
30-May-2026 16:30:44.655 INFO [main] org.apache.catalina.startup.VersionLoggerListener.log CATALINA_HOME:                     C:\Program Files\Apache Software Foundation\Tomcat 10.1
30-May-2026 16:30:44.667 INFO [main] org.apache.catalina.startup.VersionLoggerListener.log Command line argument:             --add-opens=java.base/java.lang=ALL-UNNAMED
30-May-2026 16:30:44.667 INFO [main] org.apache.catalina.startup.VersionLoggerListener.log Command line argument:             --add-opens=java.base/java.io=ALL-UNNAMED
30-May-2026 16:30:44.667 INFO [main] org.apache.catalina.startup.VersionLoggerListener.log Command line argument:             --add-opens=java.base/java.util=ALL-UNNAMED
30-May-2026 16:30:44.667 INFO [main] org.apache.catalina.startup.VersionLoggerListener.log Command line argument:             --add-opens=java.base/java.util.concurrent=ALL-UNNAMED
30-May-2026 16:30:44.667 INFO [main] org.apache.catalina.startup.VersionLoggerListener.log Command line argument:             --add-opens=java.rmi/sun.rmi.transport=ALL-UNNAMED
30-May-2026 16:30:44.667 INFO [main] org.apache.catalina.startup.VersionLoggerListener.log Command line argument:             -Dcatalina.home=C:\Program Files\Apache Software Foundation\Tomcat 10.1
30-May-2026 16:30:44.667 INFO [main] org.apache.catalina.startup.VersionLoggerListener.log Command line argument:             -Dcatalina.base=C:\UNIVERSIDAD\biblioteca-udb-web
30-May-2026 16:30:44.667 INFO [main] org.apache.catalina.startup.VersionLoggerListener.log Command line argument:             -Djava.io.tmpdir=C:\UNIVERSIDAD\biblioteca-udb-web\temp
30-May-2026 16:30:44.668 INFO [main] org.apache.catalina.startup.VersionLoggerListener.log Command line argument:             -Djava.util.logging.config.file=C:\UNIVERSIDAD\biblioteca-udb-web\conf\logging.properties
30-May-2026 16:30:44.668 INFO [main] org.apache.catalina.startup.VersionLoggerListener.log Command line argument:             -Djava.util.logging.manager=org.apache.juli.ClassLoaderLogManager
30-May-2026 16:30:44.668 INFO [main] org.apache.catalina.startup.VersionLoggerListener.log Command line argument:             -javaagent:C:\Program Files\JetBrains\IntelliJ IDEA 2025.3.2\lib\idea_rt.jar=51589
30-May-2026 16:30:44.668 INFO [main] org.apache.catalina.startup.VersionLoggerListener.log Command line argument:             -Dfile.encoding=UTF-8
30-May-2026 16:30:44.668 INFO [main] org.apache.catalina.startup.VersionLoggerListener.log Command line argument:             -Dsun.stdout.encoding=UTF-8
30-May-2026 16:30:44.668 INFO [main] org.apache.catalina.startup.VersionLoggerListener.log Command line argument:             -Dsun.stderr.encoding=UTF-8
30-May-2026 16:30:44.675 INFO [main] org.apache.catalina.core.AprLifecycleListener.lifecycleEvent La biblioteca nativa de Apache Tomcat basada en ARP que permite un rendimiento óptimo en entornos de desarrollo no ha sido hallada en java.library.path: [C:\Program Files\Java\jdk-21.0.10\bin;C:\WINDOWS\Sun\Java\bin;C:\WINDOWS\system32;C:\WINDOWS;C:\Program Files\Common Files\Oracle\Java\javapath;C:\Program Files\Microsoft MPI\Bin\;C:\WINDOWS\system32;C:\WINDOWS;C:\WINDOWS\System32\Wbem;C:\WINDOWS\System32\WindowsPowerShell\v1.0\;C:\WINDOWS\System32\OpenSSH\;C:\Program Files\dotnet\;C:\Program Files (x86)\Microsoft SQL Server\160\DTS\Binn\;C:\Program Files\Azure Data Studio\bin;C:\Program Files\Google\Google Apps Sync\;C:\Program Files\Microsoft SQL Server\150\Tools\Binn\;C:\Program Files\Microsoft SQL Server\Client SDK\ODBC\170\Tools\Binn\;C:\Program Files\Microsoft SQL Server\170\DTS\Binn\;C:\Program Files\Git\cmd;C:\Program Files (x86)\Microsoft SQL Server\170\Tools\Binn\;C:\Program Files\Microsoft SQL Server\170\Tools\Binn\;C:\Program Files\Microsoft SQL Server\Client SDK\ODBC\180\Tools\Binn\;C:\Program Files\Java\jdk-21.0.10\bin;C:\Program Files\MySQL\MySQL Shell 8.0\bin\;C:\Users\salaalvara\AppData\Local\Microsoft\WindowsApps;C:\Users\salaalvara\.dotnet\tools;C:\Users\salaalvara\AppData\Local\Programs\Microsoft VS Code\bin;C:\Program Files\JetBrains\IntelliJ IDEA 2025.3.2\bin;.]
30-May-2026 16:30:45.061 INFO [main] org.apache.coyote.AbstractProtocol.init Inicializando el manejador de protocolo ["http-nio-8080"]

30-May-2026 16:30:45.088 INFO [main] org.apache.catalina.startup.Catalina.load Server initialization in [614] milliseconds
30-May-2026 16:30:45.157 INFO [main] org.apache.catalina.core.StandardService.startInternal Arrancando servicio [Catalina]
30-May-2026 16:30:45.158 INFO [main] org.apache.catalina.core.StandardEngine.startInternal Starting Servlet engine: [Apache Tomcat/10.1.55]
30-May-2026 16:30:45.175 INFO [main] org.apache.catalina.startup.HostConfig.deployDescriptor Desplieque del descriptor de configuración [C:\UNIVERSIDAD\biblioteca-udb-web\conf\Catalina\localhost\biblioteca-web.xml]
30-May-2026 16:30:45.318 WARNING [main] org.apache.tomcat.util.descriptor.web.WebXml.setVersion Unknown version string [6.1]. Default version will be used.
30-May-2026 16:30:45.948 INFO [main] org.apache.jasper.servlet.TldScanner.scanJars Al menos un JAR, que se ha explorado buscando TLDs, aún no contenía TLDs. Activar historial de depuración para este historiador para una completa lista de los JARs que fueron explorados y de los que nos se halló TLDs. Saltarse JARs no necesarios durante la exploración puede dar lugar a una mejora de tiempo significativa en el arranque y compilación de JSP .
30-May-2026 16:30:46.004 INFO [main] org.apache.catalina.startup.HostConfig.deployDescriptor Deployment of deployment descriptor [C:\UNIVERSIDAD\biblioteca-udb-web\conf\Catalina\localhost\biblioteca-web.xml] has finished in [826] ms
30-May-2026 16:30:46.008 INFO [main] org.apache.coyote.AbstractProtocol.start Starting ProtocolHandler ["http-nio-8080"]
30-May-2026 16:30:46.027 INFO [main] org.apache.catalina.startup.Catalina.start Server startup in [937] milliseconds
30-May-2026 16:32:19.071 INFO [Thread-1] org.apache.coyote.AbstractProtocol.pause Pausing ProtocolHandler ["http-nio-8080"]
30-May-2026 16:32:19.080 INFO [Thread-1] org.apache.catalina.core.StandardService.stopInternal Parando servicio [Catalina]
30-May-2026 16:32:19.087 WARNING [Thread-1] org.apache.catalina.loader.WebappClassLoaderBase.clearReferencesJdbc La aplicación web [biblioteca-web] registró el conductor JDBC [com.mysql.cj.jdbc.Driver] pero falló al anular el registro mientras la aplicación web estaba parada. Para prevenir un fallo de memoria, se ha anulado el registro del conductor JDBC por la fuerza.
30-May-2026 16:32:19.087 WARNING [Thread-1] org.apache.catalina.loader.WebappClassLoaderBase.clearReferencesThreads The web application [biblioteca-web] appears to have started a thread named [mysql-cj-abandoned-connection-cleanup] but has failed to stop it. This is very likely to create a memory leak. Stack trace of thread:
 java.base/jdk.internal.misc.Unsafe.park(Native Method)
 java.base/java.util.concurrent.locks.LockSupport.parkNanos(LockSupport.java:269)
 java.base/java.util.concurrent.locks.AbstractQueuedSynchronizer$ConditionObject.await(AbstractQueuedSynchronizer.java:1852)
 java.base/java.lang.ref.ReferenceQueue.await(ReferenceQueue.java:71)
 java.base/java.lang.ref.ReferenceQueue.remove0(ReferenceQueue.java:143)
 java.base/java.lang.ref.ReferenceQueue.remove(ReferenceQueue.java:218)
 com.mysql.cj.jdbc.AbandonedConnectionCleanupThread.run(AbandonedConnectionCleanupThread.java:93)
 java.base/java.util.concurrent.ThreadPoolExecutor.runWorker(ThreadPoolExecutor.java:1144)
 java.base/java.util.concurrent.ThreadPoolExecutor$Worker.run(ThreadPoolExecutor.java:642)
 java.base/java.lang.Thread.run(Thread.java:1583)
30-May-2026 16:32:19.096 INFO [Thread-1] org.apache.coyote.AbstractProtocol.stop Stopping ProtocolHandler ["http-nio-8080"]
30-May-2026 16:32:19.117 INFO [Thread-1] org.apache.coyote.AbstractProtocol.destroy Destroying ProtocolHandler ["http-nio-8080"]
30-May-2026 16:32:44.492 INFO [main] org.apache.catalina.startup.VersionLoggerListener.log Nombre de la versión del servidor: Apache Tomcat/10.1.55
30-May-2026 16:32:44.495 INFO [main] org.apache.catalina.startup.VersionLoggerListener.log Server built:                      May 5 2026 13:33:02 UTC
30-May-2026 16:32:44.497 INFO [main] org.apache.catalina.startup.VersionLoggerListener.log Número de versión de servidor:     10.1.55.0
30-May-2026 16:32:44.497 INFO [main] org.apache.catalina.startup.VersionLoggerListener.log OS Name:                           Windows 11
30-May-2026 16:32:44.497 INFO [main] org.apache.catalina.startup.VersionLoggerListener.log Versión de Systema Operativo:      10.0
30-May-2026 16:32:44.497 INFO [main] org.apache.catalina.startup.VersionLoggerListener.log Arquitectura:                      amd64
30-May-2026 16:32:44.497 INFO [main] org.apache.catalina.startup.VersionLoggerListener.log Java Home:                         C:\Program Files\Java\jdk-21.0.10
30-May-2026 16:32:44.497 INFO [main] org.apache.catalina.startup.VersionLoggerListener.log JVM Version:                       21.0.10+8-LTS-217
30-May-2026 16:32:44.497 INFO [main] org.apache.catalina.startup.VersionLoggerListener.log Vededor JVM:                       Oracle Corporation
30-May-2026 16:32:44.498 INFO [main] org.apache.catalina.startup.VersionLoggerListener.log CATALINA_BASE:                     C:\UNIVERSIDAD\biblioteca-udb-web
30-May-2026 16:32:44.498 INFO [main] org.apache.catalina.startup.VersionLoggerListener.log CATALINA_HOME:                     C:\Program Files\Apache Software Foundation\Tomcat 10.1
30-May-2026 16:32:44.504 INFO [main] org.apache.catalina.startup.VersionLoggerListener.log Command line argument:             --add-opens=java.base/java.lang=ALL-UNNAMED
30-May-2026 16:32:44.504 INFO [main] org.apache.catalina.startup.VersionLoggerListener.log Command line argument:             --add-opens=java.base/java.io=ALL-UNNAMED
30-May-2026 16:32:44.504 INFO [main] org.apache.catalina.startup.VersionLoggerListener.log Command line argument:             --add-opens=java.base/java.util=ALL-UNNAMED
30-May-2026 16:32:44.504 INFO [main] org.apache.catalina.startup.VersionLoggerListener.log Command line argument:             --add-opens=java.base/java.util.concurrent=ALL-UNNAMED
30-May-2026 16:32:44.504 INFO [main] org.apache.catalina.startup.VersionLoggerListener.log Command line argument:             --add-opens=java.rmi/sun.rmi.transport=ALL-UNNAMED
30-May-2026 16:32:44.504 INFO [main] org.apache.catalina.startup.VersionLoggerListener.log Command line argument:             -Dcatalina.home=C:\Program Files\Apache Software Foundation\Tomcat 10.1
30-May-2026 16:32:44.504 INFO [main] org.apache.catalina.startup.VersionLoggerListener.log Command line argument:             -Dcatalina.base=C:\UNIVERSIDAD\biblioteca-udb-web
30-May-2026 16:32:44.504 INFO [main] org.apache.catalina.startup.VersionLoggerListener.log Command line argument:             -Djava.io.tmpdir=C:\UNIVERSIDAD\biblioteca-udb-web\temp
30-May-2026 16:32:44.504 INFO [main] org.apache.catalina.startup.VersionLoggerListener.log Command line argument:             -Djava.util.logging.config.file=C:\UNIVERSIDAD\biblioteca-udb-web\conf\logging.properties
30-May-2026 16:32:44.504 INFO [main] org.apache.catalina.startup.VersionLoggerListener.log Command line argument:             -Djava.util.logging.manager=org.apache.juli.ClassLoaderLogManager
30-May-2026 16:32:44.504 INFO [main] org.apache.catalina.startup.VersionLoggerListener.log Command line argument:             -javaagent:C:\Program Files\JetBrains\IntelliJ IDEA 2025.3.2\lib\idea_rt.jar=49708
30-May-2026 16:32:44.504 INFO [main] org.apache.catalina.startup.VersionLoggerListener.log Command line argument:             -Dfile.encoding=UTF-8
30-May-2026 16:32:44.504 INFO [main] org.apache.catalina.startup.VersionLoggerListener.log Command line argument:             -Dsun.stdout.encoding=UTF-8
30-May-2026 16:32:44.504 INFO [main] org.apache.catalina.startup.VersionLoggerListener.log Command line argument:             -Dsun.stderr.encoding=UTF-8
30-May-2026 16:32:44.509 INFO [main] org.apache.catalina.core.AprLifecycleListener.lifecycleEvent La biblioteca nativa de Apache Tomcat basada en ARP que permite un rendimiento óptimo en entornos de desarrollo no ha sido hallada en java.library.path: [C:\Program Files\Java\jdk-21.0.10\bin;C:\WINDOWS\Sun\Java\bin;C:\WINDOWS\system32;C:\WINDOWS;C:\Program Files\Common Files\Oracle\Java\javapath;C:\Program Files\Microsoft MPI\Bin\;C:\WINDOWS\system32;C:\WINDOWS;C:\WINDOWS\System32\Wbem;C:\WINDOWS\System32\WindowsPowerShell\v1.0\;C:\WINDOWS\System32\OpenSSH\;C:\Program Files\dotnet\;C:\Program Files (x86)\Microsoft SQL Server\160\DTS\Binn\;C:\Program Files\Azure Data Studio\bin;C:\Program Files\Google\Google Apps Sync\;C:\Program Files\Microsoft SQL Server\150\Tools\Binn\;C:\Program Files\Microsoft SQL Server\Client SDK\ODBC\170\Tools\Binn\;C:\Program Files\Microsoft SQL Server\170\DTS\Binn\;C:\Program Files\Git\cmd;C:\Program Files (x86)\Microsoft SQL Server\170\Tools\Binn\;C:\Program Files\Microsoft SQL Server\170\Tools\Binn\;C:\Program Files\Microsoft SQL Server\Client SDK\ODBC\180\Tools\Binn\;C:\Program Files\Java\jdk-21.0.10\bin;C:\Program Files\MySQL\MySQL Shell 8.0\bin\;C:\Users\salaalvara\AppData\Local\Microsoft\WindowsApps;C:\Users\salaalvara\.dotnet\tools;C:\Users\salaalvara\AppData\Local\Programs\Microsoft VS Code\bin;C:\Program Files\JetBrains\IntelliJ IDEA 2025.3.2\bin;.]
30-May-2026 16:32:44.950 INFO [main] org.apache.coyote.AbstractProtocol.init Inicializando el manejador de protocolo ["http-nio-8080"]

30-May-2026 16:32:44.975 INFO [main] org.apache.catalina.startup.Catalina.load Server initialization in [637] milliseconds
30-May-2026 16:32:45.040 INFO [main] org.apache.catalina.core.StandardService.startInternal Arrancando servicio [Catalina]
30-May-2026 16:32:45.041 INFO [main] org.apache.catalina.core.StandardEngine.startInternal Starting Servlet engine: [Apache Tomcat/10.1.55]
30-May-2026 16:32:45.054 INFO [main] org.apache.catalina.startup.HostConfig.deployDescriptor Desplieque del descriptor de configuración [C:\UNIVERSIDAD\biblioteca-udb-web\conf\Catalina\localhost\biblioteca-web.xml]
30-May-2026 16:32:45.193 WARNING [main] org.apache.tomcat.util.descriptor.web.WebXml.setVersion Unknown version string [6.1]. Default version will be used.
30-May-2026 16:32:45.928 INFO [main] org.apache.jasper.servlet.TldScanner.scanJars Al menos un JAR, que se ha explorado buscando TLDs, aún no contenía TLDs. Activar historial de depuración para este historiador para una completa lista de los JARs que fueron explorados y de los que nos se halló TLDs. Saltarse JARs no necesarios durante la exploración puede dar lugar a una mejora de tiempo significativa en el arranque y compilación de JSP .
30-May-2026 16:32:45.997 INFO [main] org.apache.catalina.startup.HostConfig.deployDescriptor Deployment of deployment descriptor [C:\UNIVERSIDAD\biblioteca-udb-web\conf\Catalina\localhost\biblioteca-web.xml] has finished in [941] ms
30-May-2026 16:32:46.001 INFO [main] org.apache.coyote.AbstractProtocol.start Starting ProtocolHandler ["http-nio-8080"]
30-May-2026 16:32:46.017 INFO [main] org.apache.catalina.startup.Catalina.start Server startup in [1038] milliseconds
30-May-2026 16:32:55.454 INFO [Thread-1] org.apache.coyote.AbstractProtocol.pause Pausing ProtocolHandler ["http-nio-8080"]
30-May-2026 16:32:55.470 INFO [Thread-1] org.apache.catalina.core.StandardService.stopInternal Parando servicio [Catalina]
30-May-2026 16:32:55.479 INFO [Thread-1] org.apache.coyote.AbstractProtocol.stop Stopping ProtocolHandler ["http-nio-8080"]
30-May-2026 16:32:55.484 INFO [Thread-1] org.apache.coyote.AbstractProtocol.destroy Destroying ProtocolHandler ["http-nio-8080"]
30-May-2026 16:33:00.468 INFO [main] org.apache.catalina.startup.VersionLoggerListener.log Nombre de la versión del servidor: Apache Tomcat/10.1.55
30-May-2026 16:33:00.477 INFO [main] org.apache.catalina.startup.VersionLoggerListener.log Server built:                      May 5 2026 13:33:02 UTC
30-May-2026 16:33:00.477 INFO [main] org.apache.catalina.startup.VersionLoggerListener.log Número de versión de servidor:     10.1.55.0
30-May-2026 16:33:00.477 INFO [main] org.apache.catalina.startup.VersionLoggerListener.log OS Name:                           Windows 11
30-May-2026 16:33:00.477 INFO [main] org.apache.catalina.startup.VersionLoggerListener.log Versión de Systema Operativo:      10.0
30-May-2026 16:33:00.477 INFO [main] org.apache.catalina.startup.VersionLoggerListener.log Arquitectura:                      amd64
30-May-2026 16:33:00.477 INFO [main] org.apache.catalina.startup.VersionLoggerListener.log Java Home:                         C:\Program Files\Java\jdk-21.0.10
30-May-2026 16:33:00.477 INFO [main] org.apache.catalina.startup.VersionLoggerListener.log JVM Version:                       21.0.10+8-LTS-217
30-May-2026 16:33:00.478 INFO [main] org.apache.catalina.startup.VersionLoggerListener.log Vededor JVM:                       Oracle Corporation
30-May-2026 16:33:00.478 INFO [main] org.apache.catalina.startup.VersionLoggerListener.log CATALINA_BASE:                     C:\UNIVERSIDAD\biblioteca-udb-web
30-May-2026 16:33:00.478 INFO [main] org.apache.catalina.startup.VersionLoggerListener.log CATALINA_HOME:                     C:\Program Files\Apache Software Foundation\Tomcat 10.1
30-May-2026 16:33:00.485 INFO [main] org.apache.catalina.startup.VersionLoggerListener.log Command line argument:             --add-opens=java.base/java.lang=ALL-UNNAMED
30-May-2026 16:33:00.486 INFO [main] org.apache.catalina.startup.VersionLoggerListener.log Command line argument:             --add-opens=java.base/java.io=ALL-UNNAMED
30-May-2026 16:33:00.486 INFO [main] org.apache.catalina.startup.VersionLoggerListener.log Command line argument:             --add-opens=java.base/java.util=ALL-UNNAMED
30-May-2026 16:33:00.486 INFO [main] org.apache.catalina.startup.VersionLoggerListener.log Command line argument:             --add-opens=java.base/java.util.concurrent=ALL-UNNAMED
30-May-2026 16:33:00.486 INFO [main] org.apache.catalina.startup.VersionLoggerListener.log Command line argument:             --add-opens=java.rmi/sun.rmi.transport=ALL-UNNAMED
30-May-2026 16:33:00.486 INFO [main] org.apache.catalina.startup.VersionLoggerListener.log Command line argument:             -Dcatalina.home=C:\Program Files\Apache Software Foundation\Tomcat 10.1
30-May-2026 16:33:00.486 INFO [main] org.apache.catalina.startup.VersionLoggerListener.log Command line argument:             -Dcatalina.base=C:\UNIVERSIDAD\biblioteca-udb-web
30-May-2026 16:33:00.486 INFO [main] org.apache.catalina.startup.VersionLoggerListener.log Command line argument:             -Djava.io.tmpdir=C:\UNIVERSIDAD\biblioteca-udb-web\temp
30-May-2026 16:33:00.486 INFO [main] org.apache.catalina.startup.VersionLoggerListener.log Command line argument:             -Djava.util.logging.config.file=C:\UNIVERSIDAD\biblioteca-udb-web\conf\logging.properties
30-May-2026 16:33:00.486 INFO [main] org.apache.catalina.startup.VersionLoggerListener.log Command line argument:             -Djava.util.logging.manager=org.apache.juli.ClassLoaderLogManager
30-May-2026 16:33:00.486 INFO [main] org.apache.catalina.startup.VersionLoggerListener.log Command line argument:             -javaagent:C:\Program Files\JetBrains\IntelliJ IDEA 2025.3.2\lib\idea_rt.jar=49718
30-May-2026 16:33:00.486 INFO [main] org.apache.catalina.startup.VersionLoggerListener.log Command line argument:             -Dfile.encoding=UTF-8
30-May-2026 16:33:00.487 INFO [main] org.apache.catalina.startup.VersionLoggerListener.log Command line argument:             -Dsun.stdout.encoding=UTF-8
30-May-2026 16:33:00.487 INFO [main] org.apache.catalina.startup.VersionLoggerListener.log Command line argument:             -Dsun.stderr.encoding=UTF-8
30-May-2026 16:33:00.491 INFO [main] org.apache.catalina.core.AprLifecycleListener.lifecycleEvent La biblioteca nativa de Apache Tomcat basada en ARP que permite un rendimiento óptimo en entornos de desarrollo no ha sido hallada en java.library.path: [C:\Program Files\Java\jdk-21.0.10\bin;C:\WINDOWS\Sun\Java\bin;C:\WINDOWS\system32;C:\WINDOWS;C:\Program Files\Common Files\Oracle\Java\javapath;C:\Program Files\Microsoft MPI\Bin\;C:\WINDOWS\system32;C:\WINDOWS;C:\WINDOWS\System32\Wbem;C:\WINDOWS\System32\WindowsPowerShell\v1.0\;C:\WINDOWS\System32\OpenSSH\;C:\Program Files\dotnet\;C:\Program Files (x86)\Microsoft SQL Server\160\DTS\Binn\;C:\Program Files\Azure Data Studio\bin;C:\Program Files\Google\Google Apps Sync\;C:\Program Files\Microsoft SQL Server\150\Tools\Binn\;C:\Program Files\Microsoft SQL Server\Client SDK\ODBC\170\Tools\Binn\;C:\Program Files\Microsoft SQL Server\170\DTS\Binn\;C:\Program Files\Git\cmd;C:\Program Files (x86)\Microsoft SQL Server\170\Tools\Binn\;C:\Program Files\Microsoft SQL Server\170\Tools\Binn\;C:\Program Files\Microsoft SQL Server\Client SDK\ODBC\180\Tools\Binn\;C:\Program Files\Java\jdk-21.0.10\bin;C:\Program Files\MySQL\MySQL Shell 8.0\bin\;C:\Users\salaalvara\AppData\Local\Microsoft\WindowsApps;C:\Users\salaalvara\.dotnet\tools;C:\Users\salaalvara\AppData\Local\Programs\Microsoft VS Code\bin;C:\Program Files\JetBrains\IntelliJ IDEA 2025.3.2\bin;.]
30-May-2026 16:33:00.924 INFO [main] org.apache.coyote.AbstractProtocol.init Inicializando el manejador de protocolo ["http-nio-8080"]

30-May-2026 16:33:00.948 INFO [main] org.apache.catalina.startup.Catalina.load Server initialization in [635] milliseconds
30-May-2026 16:33:01.011 INFO [main] org.apache.catalina.core.StandardService.startInternal Arrancando servicio [Catalina]
30-May-2026 16:33:01.012 INFO [main] org.apache.catalina.core.StandardEngine.startInternal Starting Servlet engine: [Apache Tomcat/10.1.55]
30-May-2026 16:33:01.029 INFO [main] org.apache.catalina.startup.HostConfig.deployDescriptor Desplieque del descriptor de configuración [C:\UNIVERSIDAD\biblioteca-udb-web\conf\Catalina\localhost\biblioteca-web.xml]
30-May-2026 16:33:01.163 WARNING [main] org.apache.tomcat.util.descriptor.web.WebXml.setVersion Unknown version string [6.1]. Default version will be used.
30-May-2026 16:33:01.861 INFO [main] org.apache.jasper.servlet.TldScanner.scanJars Al menos un JAR, que se ha explorado buscando TLDs, aún no contenía TLDs. Activar historial de depuración para este historiador para una completa lista de los JARs que fueron explorados y de los que nos se halló TLDs. Saltarse JARs no necesarios durante la exploración puede dar lugar a una mejora de tiempo significativa en el arranque y compilación de JSP .
30-May-2026 16:33:01.924 INFO [main] org.apache.catalina.startup.HostConfig.deployDescriptor Deployment of deployment descriptor [C:\UNIVERSIDAD\biblioteca-udb-web\conf\Catalina\localhost\biblioteca-web.xml] has finished in [894] ms
30-May-2026 16:33:01.928 INFO [main] org.apache.coyote.AbstractProtocol.start Starting ProtocolHandler ["http-nio-8080"]
30-May-2026 16:33:01.944 INFO [main] org.apache.catalina.startup.Catalina.start Server startup in [993] milliseconds
30-May-2026 16:38:07.137 INFO [Thread-1] org.apache.coyote.AbstractProtocol.pause Pausing ProtocolHandler ["http-nio-8080"]
30-May-2026 16:38:07.148 INFO [Thread-1] org.apache.catalina.core.StandardService.stopInternal Parando servicio [Catalina]
30-May-2026 16:38:07.152 WARNING [Thread-1] org.apache.catalina.loader.WebappClassLoaderBase.clearReferencesJdbc La aplicación web [biblioteca-web] registró el conductor JDBC [com.mysql.cj.jdbc.Driver] pero falló al anular el registro mientras la aplicación web estaba parada. Para prevenir un fallo de memoria, se ha anulado el registro del conductor JDBC por la fuerza.
30-May-2026 16:38:07.152 WARNING [Thread-1] org.apache.catalina.loader.WebappClassLoaderBase.clearReferencesThreads The web application [biblioteca-web] appears to have started a thread named [mysql-cj-abandoned-connection-cleanup] but has failed to stop it. This is very likely to create a memory leak. Stack trace of thread:
 java.base/jdk.internal.misc.Unsafe.park(Native Method)
 java.base/java.util.concurrent.locks.LockSupport.parkNanos(LockSupport.java:269)
 java.base/java.util.concurrent.locks.AbstractQueuedSynchronizer$ConditionObject.await(AbstractQueuedSynchronizer.java:1852)
 java.base/java.lang.ref.ReferenceQueue.await(ReferenceQueue.java:71)
 java.base/java.lang.ref.ReferenceQueue.remove0(ReferenceQueue.java:143)
 java.base/java.lang.ref.ReferenceQueue.remove(ReferenceQueue.java:218)
 com.mysql.cj.jdbc.AbandonedConnectionCleanupThread.run(AbandonedConnectionCleanupThread.java:93)
 java.base/java.util.concurrent.ThreadPoolExecutor.runWorker(ThreadPoolExecutor.java:1144)
 java.base/java.util.concurrent.ThreadPoolExecutor$Worker.run(ThreadPoolExecutor.java:642)
 java.base/java.lang.Thread.run(Thread.java:1583)
30-May-2026 16:38:07.155 INFO [Thread-1] org.apache.coyote.AbstractProtocol.stop Stopping ProtocolHandler ["http-nio-8080"]
30-May-2026 16:38:07.159 INFO [Thread-1] org.apache.coyote.AbstractProtocol.destroy Destroying ProtocolHandler ["http-nio-8080"]
30-May-2026 16:39:31.150 INFO [main] org.apache.catalina.startup.VersionLoggerListener.log Nombre de la versión del servidor: Apache Tomcat/10.1.55
30-May-2026 16:39:31.155 INFO [main] org.apache.catalina.startup.VersionLoggerListener.log Server built:                      May 5 2026 13:33:02 UTC
30-May-2026 16:39:31.156 INFO [main] org.apache.catalina.startup.VersionLoggerListener.log Número de versión de servidor:     10.1.55.0
30-May-2026 16:39:31.156 INFO [main] org.apache.catalina.startup.VersionLoggerListener.log OS Name:                           Windows 11
30-May-2026 16:39:31.156 INFO [main] org.apache.catalina.startup.VersionLoggerListener.log Versión de Systema Operativo:      10.0
30-May-2026 16:39:31.156 INFO [main] org.apache.catalina.startup.VersionLoggerListener.log Arquitectura:                      amd64
30-May-2026 16:39:31.157 INFO [main] org.apache.catalina.startup.VersionLoggerListener.log Java Home:                         C:\Program Files\Java\jdk-21.0.10
30-May-2026 16:39:31.157 INFO [main] org.apache.catalina.startup.VersionLoggerListener.log JVM Version:                       21.0.10+8-LTS-217
30-May-2026 16:39:31.157 INFO [main] org.apache.catalina.startup.VersionLoggerListener.log Vededor JVM:                       Oracle Corporation
30-May-2026 16:39:31.157 INFO [main] org.apache.catalina.startup.VersionLoggerListener.log CATALINA_BASE:                     C:\UNIVERSIDAD\biblioteca-udb-web
30-May-2026 16:39:31.158 INFO [main] org.apache.catalina.startup.VersionLoggerListener.log CATALINA_HOME:                     C:\Program Files\Apache Software Foundation\Tomcat 10.1
30-May-2026 16:39:31.163 INFO [main] org.apache.catalina.startup.VersionLoggerListener.log Command line argument:             --add-opens=java.base/java.lang=ALL-UNNAMED
30-May-2026 16:39:31.163 INFO [main] org.apache.catalina.startup.VersionLoggerListener.log Command line argument:             --add-opens=java.base/java.io=ALL-UNNAMED
30-May-2026 16:39:31.163 INFO [main] org.apache.catalina.startup.VersionLoggerListener.log Command line argument:             --add-opens=java.base/java.util=ALL-UNNAMED
30-May-2026 16:39:31.163 INFO [main] org.apache.catalina.startup.VersionLoggerListener.log Command line argument:             --add-opens=java.base/java.util.concurrent=ALL-UNNAMED
30-May-2026 16:39:31.163 INFO [main] org.apache.catalina.startup.VersionLoggerListener.log Command line argument:             --add-opens=java.rmi/sun.rmi.transport=ALL-UNNAMED
30-May-2026 16:39:31.163 INFO [main] org.apache.catalina.startup.VersionLoggerListener.log Command line argument:             -Dcatalina.home=C:\Program Files\Apache Software Foundation\Tomcat 10.1
30-May-2026 16:39:31.163 INFO [main] org.apache.catalina.startup.VersionLoggerListener.log Command line argument:             -Dcatalina.base=C:\UNIVERSIDAD\biblioteca-udb-web
30-May-2026 16:39:31.163 INFO [main] org.apache.catalina.startup.VersionLoggerListener.log Command line argument:             -Djava.io.tmpdir=C:\UNIVERSIDAD\biblioteca-udb-web\temp
30-May-2026 16:39:31.163 INFO [main] org.apache.catalina.startup.VersionLoggerListener.log Command line argument:             -Djava.util.logging.config.file=C:\UNIVERSIDAD\biblioteca-udb-web\conf\logging.properties
30-May-2026 16:39:31.164 INFO [main] org.apache.catalina.startup.VersionLoggerListener.log Command line argument:             -Djava.util.logging.manager=org.apache.juli.ClassLoaderLogManager
30-May-2026 16:39:31.164 INFO [main] org.apache.catalina.startup.VersionLoggerListener.log Command line argument:             -javaagent:C:\Program Files\JetBrains\IntelliJ IDEA 2025.3.2\lib\idea_rt.jar=60764
30-May-2026 16:39:31.164 INFO [main] org.apache.catalina.startup.VersionLoggerListener.log Command line argument:             -Dfile.encoding=UTF-8
30-May-2026 16:39:31.164 INFO [main] org.apache.catalina.startup.VersionLoggerListener.log Command line argument:             -Dsun.stdout.encoding=UTF-8
30-May-2026 16:39:31.164 INFO [main] org.apache.catalina.startup.VersionLoggerListener.log Command line argument:             -Dsun.stderr.encoding=UTF-8
30-May-2026 16:39:31.167 INFO [main] org.apache.catalina.core.AprLifecycleListener.lifecycleEvent La biblioteca nativa de Apache Tomcat basada en ARP que permite un rendimiento óptimo en entornos de desarrollo no ha sido hallada en java.library.path: [C:\Program Files\Java\jdk-21.0.10\bin;C:\WINDOWS\Sun\Java\bin;C:\WINDOWS\system32;C:\WINDOWS;C:\Program Files\Common Files\Oracle\Java\javapath;C:\Program Files\Microsoft MPI\Bin\;C:\WINDOWS\system32;C:\WINDOWS;C:\WINDOWS\System32\Wbem;C:\WINDOWS\System32\WindowsPowerShell\v1.0\;C:\WINDOWS\System32\OpenSSH\;C:\Program Files\dotnet\;C:\Program Files (x86)\Microsoft SQL Server\160\DTS\Binn\;C:\Program Files\Azure Data Studio\bin;C:\Program Files\Google\Google Apps Sync\;C:\Program Files\Microsoft SQL Server\150\Tools\Binn\;C:\Program Files\Microsoft SQL Server\Client SDK\ODBC\170\Tools\Binn\;C:\Program Files\Microsoft SQL Server\170\DTS\Binn\;C:\Program Files\Git\cmd;C:\Program Files (x86)\Microsoft SQL Server\170\Tools\Binn\;C:\Program Files\Microsoft SQL Server\170\Tools\Binn\;C:\Program Files\Microsoft SQL Server\Client SDK\ODBC\180\Tools\Binn\;C:\Program Files\Java\jdk-21.0.10\bin;C:\Program Files\MySQL\MySQL Shell 8.0\bin\;C:\Users\salaalvara\AppData\Local\Microsoft\WindowsApps;C:\Users\salaalvara\.dotnet\tools;C:\Users\salaalvara\AppData\Local\Programs\Microsoft VS Code\bin;C:\Program Files\JetBrains\IntelliJ IDEA 2025.3.2\bin;.]
30-May-2026 16:39:31.538 INFO [main] org.apache.coyote.AbstractProtocol.init Inicializando el manejador de protocolo ["http-nio-8080"]

30-May-2026 16:39:31.553 INFO [main] org.apache.catalina.startup.Catalina.load Server initialization in [626] milliseconds
30-May-2026 16:39:31.613 INFO [main] org.apache.catalina.core.StandardService.startInternal Arrancando servicio [Catalina]
30-May-2026 16:39:31.613 INFO [main] org.apache.catalina.core.StandardEngine.startInternal Starting Servlet engine: [Apache Tomcat/10.1.55]
30-May-2026 16:39:31.629 INFO [main] org.apache.catalina.startup.HostConfig.deployDescriptor Desplieque del descriptor de configuración [C:\UNIVERSIDAD\biblioteca-udb-web\conf\Catalina\localhost\biblioteca-web.xml]
30-May-2026 16:39:31.753 WARNING [main] org.apache.tomcat.util.descriptor.web.WebXml.setVersion Unknown version string [6.1]. Default version will be used.
30-May-2026 16:39:32.455 INFO [main] org.apache.jasper.servlet.TldScanner.scanJars Al menos un JAR, que se ha explorado buscando TLDs, aún no contenía TLDs. Activar historial de depuración para este historiador para una completa lista de los JARs que fueron explorados y de los que nos se halló TLDs. Saltarse JARs no necesarios durante la exploración puede dar lugar a una mejora de tiempo significativa en el arranque y compilación de JSP .
30-May-2026 16:39:32.520 INFO [main] org.apache.catalina.startup.HostConfig.deployDescriptor Deployment of deployment descriptor [C:\UNIVERSIDAD\biblioteca-udb-web\conf\Catalina\localhost\biblioteca-web.xml] has finished in [889] ms
30-May-2026 16:39:32.523 INFO [main] org.apache.coyote.AbstractProtocol.start Starting ProtocolHandler ["http-nio-8080"]
30-May-2026 16:39:32.542 INFO [main] org.apache.catalina.startup.Catalina.start Server startup in [986] milliseconds
30-May-2026 16:46:17.630 INFO [Thread-1] org.apache.coyote.AbstractProtocol.pause Pausing ProtocolHandler ["http-nio-8080"]
30-May-2026 16:46:17.646 INFO [Thread-1] org.apache.catalina.core.StandardService.stopInternal Parando servicio [Catalina]
30-May-2026 16:46:17.652 WARNING [Thread-1] org.apache.catalina.loader.WebappClassLoaderBase.clearReferencesJdbc La aplicación web [biblioteca-web] registró el conductor JDBC [com.mysql.cj.jdbc.Driver] pero falló al anular el registro mientras la aplicación web estaba parada. Para prevenir un fallo de memoria, se ha anulado el registro del conductor JDBC por la fuerza.
30-May-2026 16:46:17.653 WARNING [Thread-1] org.apache.catalina.loader.WebappClassLoaderBase.clearReferencesThreads The web application [biblioteca-web] appears to have started a thread named [mysql-cj-abandoned-connection-cleanup] but has failed to stop it. This is very likely to create a memory leak. Stack trace of thread:
 java.base/jdk.internal.misc.Unsafe.park(Native Method)
 java.base/java.util.concurrent.locks.LockSupport.parkNanos(LockSupport.java:269)
 java.base/java.util.concurrent.locks.AbstractQueuedSynchronizer$ConditionObject.await(AbstractQueuedSynchronizer.java:1852)
 java.base/java.lang.ref.ReferenceQueue.await(ReferenceQueue.java:71)
 java.base/java.lang.ref.ReferenceQueue.remove0(ReferenceQueue.java:143)
 java.base/java.lang.ref.ReferenceQueue.remove(ReferenceQueue.java:218)
 com.mysql.cj.jdbc.AbandonedConnectionCleanupThread.run(AbandonedConnectionCleanupThread.java:93)
 java.base/java.util.concurrent.ThreadPoolExecutor.runWorker(ThreadPoolExecutor.java:1144)
 java.base/java.util.concurrent.ThreadPoolExecutor$Worker.run(ThreadPoolExecutor.java:642)
 java.base/java.lang.Thread.run(Thread.java:1583)
30-May-2026 16:46:17.657 INFO [Thread-1] org.apache.coyote.AbstractProtocol.stop Stopping ProtocolHandler ["http-nio-8080"]
30-May-2026 16:46:17.681 INFO [Thread-1] org.apache.coyote.AbstractProtocol.destroy Destroying ProtocolHandler ["http-nio-8080"]
30-May-2026 16:46:42.552 INFO [main] org.apache.catalina.startup.VersionLoggerListener.log Nombre de la versión del servidor: Apache Tomcat/10.1.55
30-May-2026 16:46:42.556 INFO [main] org.apache.catalina.startup.VersionLoggerListener.log Server built:                      May 5 2026 13:33:02 UTC
30-May-2026 16:46:42.557 INFO [main] org.apache.catalina.startup.VersionLoggerListener.log Número de versión de servidor:     10.1.55.0
30-May-2026 16:46:42.557 INFO [main] org.apache.catalina.startup.VersionLoggerListener.log OS Name:                           Windows 11
30-May-2026 16:46:42.557 INFO [main] org.apache.catalina.startup.VersionLoggerListener.log Versión de Systema Operativo:      10.0
30-May-2026 16:46:42.557 INFO [main] org.apache.catalina.startup.VersionLoggerListener.log Arquitectura:                      amd64
30-May-2026 16:46:42.557 INFO [main] org.apache.catalina.startup.VersionLoggerListener.log Java Home:                         C:\Program Files\Java\jdk-21.0.10
30-May-2026 16:46:42.558 INFO [main] org.apache.catalina.startup.VersionLoggerListener.log JVM Version:                       21.0.10+8-LTS-217
30-May-2026 16:46:42.558 INFO [main] org.apache.catalina.startup.VersionLoggerListener.log Vededor JVM:                       Oracle Corporation
30-May-2026 16:46:42.558 INFO [main] org.apache.catalina.startup.VersionLoggerListener.log CATALINA_BASE:                     C:\UNIVERSIDAD\biblioteca-udb-web
30-May-2026 16:46:42.558 INFO [main] org.apache.catalina.startup.VersionLoggerListener.log CATALINA_HOME:                     C:\Program Files\Apache Software Foundation\Tomcat 10.1
30-May-2026 16:46:42.565 INFO [main] org.apache.catalina.startup.VersionLoggerListener.log Command line argument:             --add-opens=java.base/java.lang=ALL-UNNAMED
30-May-2026 16:46:42.565 INFO [main] org.apache.catalina.startup.VersionLoggerListener.log Command line argument:             --add-opens=java.base/java.io=ALL-UNNAMED
30-May-2026 16:46:42.565 INFO [main] org.apache.catalina.startup.VersionLoggerListener.log Command line argument:             --add-opens=java.base/java.util=ALL-UNNAMED
30-May-2026 16:46:42.565 INFO [main] org.apache.catalina.startup.VersionLoggerListener.log Command line argument:             --add-opens=java.base/java.util.concurrent=ALL-UNNAMED
30-May-2026 16:46:42.565 INFO [main] org.apache.catalina.startup.VersionLoggerListener.log Command line argument:             --add-opens=java.rmi/sun.rmi.transport=ALL-UNNAMED
30-May-2026 16:46:42.565 INFO [main] org.apache.catalina.startup.VersionLoggerListener.log Command line argument:             -Dcatalina.home=C:\Program Files\Apache Software Foundation\Tomcat 10.1
30-May-2026 16:46:42.565 INFO [main] org.apache.catalina.startup.VersionLoggerListener.log Command line argument:             -Dcatalina.base=C:\UNIVERSIDAD\biblioteca-udb-web
30-May-2026 16:46:42.565 INFO [main] org.apache.catalina.startup.VersionLoggerListener.log Command line argument:             -Djava.io.tmpdir=C:\UNIVERSIDAD\biblioteca-udb-web\temp
30-May-2026 16:46:42.565 INFO [main] org.apache.catalina.startup.VersionLoggerListener.log Command line argument:             -Djava.util.logging.config.file=C:\UNIVERSIDAD\biblioteca-udb-web\conf\logging.properties
30-May-2026 16:46:42.565 INFO [main] org.apache.catalina.startup.VersionLoggerListener.log Command line argument:             -Djava.util.logging.manager=org.apache.juli.ClassLoaderLogManager
30-May-2026 16:46:42.565 INFO [main] org.apache.catalina.startup.VersionLoggerListener.log Command line argument:             -javaagent:C:\Program Files\JetBrains\IntelliJ IDEA 2025.3.2\lib\idea_rt.jar=60039
30-May-2026 16:46:42.565 INFO [main] org.apache.catalina.startup.VersionLoggerListener.log Command line argument:             -Dfile.encoding=UTF-8
30-May-2026 16:46:42.565 INFO [main] org.apache.catalina.startup.VersionLoggerListener.log Command line argument:             -Dsun.stdout.encoding=UTF-8
30-May-2026 16:46:42.565 INFO [main] org.apache.catalina.startup.VersionLoggerListener.log Command line argument:             -Dsun.stderr.encoding=UTF-8
30-May-2026 16:46:42.571 INFO [main] org.apache.catalina.core.AprLifecycleListener.lifecycleEvent La biblioteca nativa de Apache Tomcat basada en ARP que permite un rendimiento óptimo en entornos de desarrollo no ha sido hallada en java.library.path: [C:\Program Files\Java\jdk-21.0.10\bin;C:\WINDOWS\Sun\Java\bin;C:\WINDOWS\system32;C:\WINDOWS;C:\Program Files\Common Files\Oracle\Java\javapath;C:\Program Files\Microsoft MPI\Bin\;C:\WINDOWS\system32;C:\WINDOWS;C:\WINDOWS\System32\Wbem;C:\WINDOWS\System32\WindowsPowerShell\v1.0\;C:\WINDOWS\System32\OpenSSH\;C:\Program Files\dotnet\;C:\Program Files (x86)\Microsoft SQL Server\160\DTS\Binn\;C:\Program Files\Azure Data Studio\bin;C:\Program Files\Google\Google Apps Sync\;C:\Program Files\Microsoft SQL Server\150\Tools\Binn\;C:\Program Files\Microsoft SQL Server\Client SDK\ODBC\170\Tools\Binn\;C:\Program Files\Microsoft SQL Server\170\DTS\Binn\;C:\Program Files\Git\cmd;C:\Program Files (x86)\Microsoft SQL Server\170\Tools\Binn\;C:\Program Files\Microsoft SQL Server\170\Tools\Binn\;C:\Program Files\Microsoft SQL Server\Client SDK\ODBC\180\Tools\Binn\;C:\Program Files\Java\jdk-21.0.10\bin;C:\Program Files\MySQL\MySQL Shell 8.0\bin\;C:\Users\salaalvara\AppData\Local\Microsoft\WindowsApps;C:\Users\salaalvara\.dotnet\tools;C:\Users\salaalvara\AppData\Local\Programs\Microsoft VS Code\bin;C:\Program Files\JetBrains\IntelliJ IDEA 2025.3.2\bin;.]
30-May-2026 16:46:42.951 INFO [main] org.apache.coyote.AbstractProtocol.init Inicializando el manejador de protocolo ["http-nio-8080"]

30-May-2026 16:46:42.970 INFO [main] org.apache.catalina.startup.Catalina.load Server initialization in [582] milliseconds
30-May-2026 16:46:43.046 INFO [main] org.apache.catalina.core.StandardService.startInternal Arrancando servicio [Catalina]
30-May-2026 16:46:43.046 INFO [main] org.apache.catalina.core.StandardEngine.startInternal Starting Servlet engine: [Apache Tomcat/10.1.55]
30-May-2026 16:46:43.059 INFO [main] org.apache.catalina.startup.HostConfig.deployDescriptor Desplieque del descriptor de configuración [C:\UNIVERSIDAD\biblioteca-udb-web\conf\Catalina\localhost\biblioteca-web.xml]
30-May-2026 16:46:43.202 WARNING [main] org.apache.tomcat.util.descriptor.web.WebXml.setVersion Unknown version string [6.1]. Default version will be used.
30-May-2026 16:46:43.857 INFO [main] org.apache.jasper.servlet.TldScanner.scanJars Al menos un JAR, que se ha explorado buscando TLDs, aún no contenía TLDs. Activar historial de depuración para este historiador para una completa lista de los JARs que fueron explorados y de los que nos se halló TLDs. Saltarse JARs no necesarios durante la exploración puede dar lugar a una mejora de tiempo significativa en el arranque y compilación de JSP .
30-May-2026 16:46:43.921 INFO [main] org.apache.catalina.startup.HostConfig.deployDescriptor Deployment of deployment descriptor [C:\UNIVERSIDAD\biblioteca-udb-web\conf\Catalina\localhost\biblioteca-web.xml] has finished in [860] ms
30-May-2026 16:46:43.924 INFO [main] org.apache.coyote.AbstractProtocol.start Starting ProtocolHandler ["http-nio-8080"]
30-May-2026 16:46:43.946 INFO [main] org.apache.catalina.startup.Catalina.start Server startup in [973] milliseconds
30-May-2026 17:32:14.521 INFO [Thread-1] org.apache.coyote.AbstractProtocol.pause Pausing ProtocolHandler ["http-nio-8080"]
30-May-2026 17:32:14.526 INFO [Thread-1] org.apache.catalina.core.StandardService.stopInternal Parando servicio [Catalina]
30-May-2026 17:32:14.531 WARNING [Thread-1] org.apache.catalina.loader.WebappClassLoaderBase.clearReferencesJdbc La aplicación web [biblioteca-web] registró el conductor JDBC [com.mysql.cj.jdbc.Driver] pero falló al anular el registro mientras la aplicación web estaba parada. Para prevenir un fallo de memoria, se ha anulado el registro del conductor JDBC por la fuerza.
30-May-2026 17:32:14.531 WARNING [Thread-1] org.apache.catalina.loader.WebappClassLoaderBase.clearReferencesThreads The web application [biblioteca-web] appears to have started a thread named [mysql-cj-abandoned-connection-cleanup] but has failed to stop it. This is very likely to create a memory leak. Stack trace of thread:
 java.base/jdk.internal.misc.Unsafe.park(Native Method)
 java.base/java.util.concurrent.locks.LockSupport.parkNanos(LockSupport.java:269)
 java.base/java.util.concurrent.locks.AbstractQueuedSynchronizer$ConditionObject.await(AbstractQueuedSynchronizer.java:1852)
 java.base/java.lang.ref.ReferenceQueue.await(ReferenceQueue.java:71)
 java.base/java.lang.ref.ReferenceQueue.remove0(ReferenceQueue.java:143)
 java.base/java.lang.ref.ReferenceQueue.remove(ReferenceQueue.java:218)
 com.mysql.cj.jdbc.AbandonedConnectionCleanupThread.run(AbandonedConnectionCleanupThread.java:93)
 java.base/java.util.concurrent.ThreadPoolExecutor.runWorker(ThreadPoolExecutor.java:1144)
 java.base/java.util.concurrent.ThreadPoolExecutor$Worker.run(ThreadPoolExecutor.java:642)
 java.base/java.lang.Thread.run(Thread.java:1583)
30-May-2026 17:32:14.536 INFO [Thread-1] org.apache.coyote.AbstractProtocol.stop Stopping ProtocolHandler ["http-nio-8080"]
30-May-2026 17:32:14.540 INFO [Thread-1] org.apache.coyote.AbstractProtocol.destroy Destroying ProtocolHandler ["http-nio-8080"]
30-May-2026 17:32:55.759 INFO [main] org.apache.catalina.startup.VersionLoggerListener.log Nombre de la versión del servidor: Apache Tomcat/10.1.55
30-May-2026 17:32:55.764 INFO [main] org.apache.catalina.startup.VersionLoggerListener.log Server built:                      May 5 2026 13:33:02 UTC
30-May-2026 17:32:55.765 INFO [main] org.apache.catalina.startup.VersionLoggerListener.log Número de versión de servidor:     10.1.55.0
30-May-2026 17:32:55.765 INFO [main] org.apache.catalina.startup.VersionLoggerListener.log OS Name:                           Windows 11
30-May-2026 17:32:55.765 INFO [main] org.apache.catalina.startup.VersionLoggerListener.log Versión de Systema Operativo:      10.0
30-May-2026 17:32:55.765 INFO [main] org.apache.catalina.startup.VersionLoggerListener.log Arquitectura:                      amd64
30-May-2026 17:32:55.766 INFO [main] org.apache.catalina.startup.VersionLoggerListener.log Java Home:                         C:\Program Files\Java\jdk-21.0.10
30-May-2026 17:32:55.766 INFO [main] org.apache.catalina.startup.VersionLoggerListener.log JVM Version:                       21.0.10+8-LTS-217
30-May-2026 17:32:55.766 INFO [main] org.apache.catalina.startup.VersionLoggerListener.log Vededor JVM:                       Oracle Corporation
30-May-2026 17:32:55.766 INFO [main] org.apache.catalina.startup.VersionLoggerListener.log CATALINA_BASE:                     C:\UNIVERSIDAD\biblioteca-udb-web
30-May-2026 17:32:55.766 INFO [main] org.apache.catalina.startup.VersionLoggerListener.log CATALINA_HOME:                     C:\Program Files\Apache Software Foundation\Tomcat 10.1
30-May-2026 17:32:55.776 INFO [main] org.apache.catalina.startup.VersionLoggerListener.log Command line argument:             --add-opens=java.base/java.lang=ALL-UNNAMED
30-May-2026 17:32:55.776 INFO [main] org.apache.catalina.startup.VersionLoggerListener.log Command line argument:             --add-opens=java.base/java.io=ALL-UNNAMED
30-May-2026 17:32:55.777 INFO [main] org.apache.catalina.startup.VersionLoggerListener.log Command line argument:             --add-opens=java.base/java.util=ALL-UNNAMED
30-May-2026 17:32:55.777 INFO [main] org.apache.catalina.startup.VersionLoggerListener.log Command line argument:             --add-opens=java.base/java.util.concurrent=ALL-UNNAMED
30-May-2026 17:32:55.777 INFO [main] org.apache.catalina.startup.VersionLoggerListener.log Command line argument:             --add-opens=java.rmi/sun.rmi.transport=ALL-UNNAMED
30-May-2026 17:32:55.777 INFO [main] org.apache.catalina.startup.VersionLoggerListener.log Command line argument:             -Dcatalina.home=C:\Program Files\Apache Software Foundation\Tomcat 10.1
30-May-2026 17:32:55.777 INFO [main] org.apache.catalina.startup.VersionLoggerListener.log Command line argument:             -Dcatalina.base=C:\UNIVERSIDAD\biblioteca-udb-web
30-May-2026 17:32:55.777 INFO [main] org.apache.catalina.startup.VersionLoggerListener.log Command line argument:             -Djava.io.tmpdir=C:\UNIVERSIDAD\biblioteca-udb-web\temp
30-May-2026 17:32:55.777 INFO [main] org.apache.catalina.startup.VersionLoggerListener.log Command line argument:             -Djava.util.logging.config.file=C:\UNIVERSIDAD\biblioteca-udb-web\conf\logging.properties
30-May-2026 17:32:55.777 INFO [main] org.apache.catalina.startup.VersionLoggerListener.log Command line argument:             -Djava.util.logging.manager=org.apache.juli.ClassLoaderLogManager
30-May-2026 17:32:55.777 INFO [main] org.apache.catalina.startup.VersionLoggerListener.log Command line argument:             -javaagent:C:\Program Files\JetBrains\IntelliJ IDEA 2025.3.2\lib\idea_rt.jar=59114
30-May-2026 17:32:55.778 INFO [main] org.apache.catalina.startup.VersionLoggerListener.log Command line argument:             -Dfile.encoding=UTF-8
30-May-2026 17:32:55.778 INFO [main] org.apache.catalina.startup.VersionLoggerListener.log Command line argument:             -Dsun.stdout.encoding=UTF-8
30-May-2026 17:32:55.778 INFO [main] org.apache.catalina.startup.VersionLoggerListener.log Command line argument:             -Dsun.stderr.encoding=UTF-8
30-May-2026 17:32:55.785 INFO [main] org.apache.catalina.core.AprLifecycleListener.lifecycleEvent La biblioteca nativa de Apache Tomcat basada en ARP que permite un rendimiento óptimo en entornos de desarrollo no ha sido hallada en java.library.path: [C:\Program Files\Java\jdk-21.0.10\bin;C:\WINDOWS\Sun\Java\bin;C:\WINDOWS\system32;C:\WINDOWS;C:\Program Files\Common Files\Oracle\Java\javapath;C:\Program Files\Microsoft MPI\Bin\;C:\WINDOWS\system32;C:\WINDOWS;C:\WINDOWS\System32\Wbem;C:\WINDOWS\System32\WindowsPowerShell\v1.0\;C:\WINDOWS\System32\OpenSSH\;C:\Program Files\dotnet\;C:\Program Files (x86)\Microsoft SQL Server\160\DTS\Binn\;C:\Program Files\Azure Data Studio\bin;C:\Program Files\Google\Google Apps Sync\;C:\Program Files\Microsoft SQL Server\150\Tools\Binn\;C:\Program Files\Microsoft SQL Server\Client SDK\ODBC\170\Tools\Binn\;C:\Program Files\Microsoft SQL Server\170\DTS\Binn\;C:\Program Files\Git\cmd;C:\Program Files (x86)\Microsoft SQL Server\170\Tools\Binn\;C:\Program Files\Microsoft SQL Server\170\Tools\Binn\;C:\Program Files\Microsoft SQL Server\Client SDK\ODBC\180\Tools\Binn\;C:\Program Files\Java\jdk-21.0.10\bin;C:\Program Files\MySQL\MySQL Shell 8.0\bin\;C:\Users\salaalvara\AppData\Local\Microsoft\WindowsApps;C:\Users\salaalvara\.dotnet\tools;C:\Users\salaalvara\AppData\Local\Programs\Microsoft VS Code\bin;C:\Program Files\JetBrains\IntelliJ IDEA 2025.3.2\bin;.]
30-May-2026 17:32:56.165 INFO [main] org.apache.coyote.AbstractProtocol.init Inicializando el manejador de protocolo ["http-nio-8080"]

30-May-2026 17:32:56.181 INFO [main] org.apache.catalina.startup.Catalina.load Server initialization in [575] milliseconds
30-May-2026 17:32:56.246 INFO [main] org.apache.catalina.core.StandardService.startInternal Arrancando servicio [Catalina]
30-May-2026 17:32:56.246 INFO [main] org.apache.catalina.core.StandardEngine.startInternal Starting Servlet engine: [Apache Tomcat/10.1.55]
30-May-2026 17:32:56.261 INFO [main] org.apache.catalina.startup.HostConfig.deployDescriptor Desplieque del descriptor de configuración [C:\UNIVERSIDAD\biblioteca-udb-web\conf\Catalina\localhost\biblioteca-web.xml]
30-May-2026 17:32:56.423 WARNING [main] org.apache.tomcat.util.descriptor.web.WebXml.setVersion Unknown version string [6.1]. Default version will be used.
30-May-2026 17:32:57.107 INFO [main] org.apache.jasper.servlet.TldScanner.scanJars Al menos un JAR, que se ha explorado buscando TLDs, aún no contenía TLDs. Activar historial de depuración para este historiador para una completa lista de los JARs que fueron explorados y de los que nos se halló TLDs. Saltarse JARs no necesarios durante la exploración puede dar lugar a una mejora de tiempo significativa en el arranque y compilación de JSP .
30-May-2026 17:32:57.170 INFO [main] org.apache.catalina.startup.HostConfig.deployDescriptor Deployment of deployment descriptor [C:\UNIVERSIDAD\biblioteca-udb-web\conf\Catalina\localhost\biblioteca-web.xml] has finished in [908] ms
30-May-2026 17:32:57.176 INFO [main] org.apache.coyote.AbstractProtocol.start Starting ProtocolHandler ["http-nio-8080"]
30-May-2026 17:32:57.193 INFO [main] org.apache.catalina.startup.Catalina.start Server startup in [1010] milliseconds
30-May-2026 18:13:03.943 INFO [Thread-1] org.apache.coyote.AbstractProtocol.pause Pausing ProtocolHandler ["http-nio-8080"]
30-May-2026 18:13:03.958 INFO [Thread-1] org.apache.catalina.core.StandardService.stopInternal Parando servicio [Catalina]
30-May-2026 18:13:03.965 WARNING [Thread-1] org.apache.catalina.loader.WebappClassLoaderBase.clearReferencesJdbc La aplicación web [biblioteca-web] registró el conductor JDBC [com.mysql.cj.jdbc.Driver] pero falló al anular el registro mientras la aplicación web estaba parada. Para prevenir un fallo de memoria, se ha anulado el registro del conductor JDBC por la fuerza.
30-May-2026 18:13:03.966 WARNING [Thread-1] org.apache.catalina.loader.WebappClassLoaderBase.clearReferencesThreads The web application [biblioteca-web] appears to have started a thread named [mysql-cj-abandoned-connection-cleanup] but has failed to stop it. This is very likely to create a memory leak. Stack trace of thread:
 java.base/jdk.internal.misc.Unsafe.park(Native Method)
 java.base/java.util.concurrent.locks.LockSupport.parkNanos(LockSupport.java:269)
 java.base/java.util.concurrent.locks.AbstractQueuedSynchronizer$ConditionObject.await(AbstractQueuedSynchronizer.java:1852)
 java.base/java.lang.ref.ReferenceQueue.await(ReferenceQueue.java:71)
 java.base/java.lang.ref.ReferenceQueue.remove0(ReferenceQueue.java:143)
 java.base/java.lang.ref.ReferenceQueue.remove(ReferenceQueue.java:218)
 com.mysql.cj.jdbc.AbandonedConnectionCleanupThread.run(AbandonedConnectionCleanupThread.java:93)
 java.base/java.util.concurrent.ThreadPoolExecutor.runWorker(ThreadPoolExecutor.java:1144)
 java.base/java.util.concurrent.ThreadPoolExecutor$Worker.run(ThreadPoolExecutor.java:642)
 java.base/java.lang.Thread.run(Thread.java:1583)
30-May-2026 18:13:03.970 INFO [Thread-1] org.apache.coyote.AbstractProtocol.stop Stopping ProtocolHandler ["http-nio-8080"]
30-May-2026 18:13:03.990 INFO [Thread-1] org.apache.coyote.AbstractProtocol.destroy Destroying ProtocolHandler ["http-nio-8080"]
30-May-2026 22:18:35.743 INFO [main] org.apache.catalina.startup.VersionLoggerListener.log Nombre de la versión del servidor: Apache Tomcat/10.1.55
30-May-2026 22:18:35.828 INFO [main] org.apache.catalina.startup.VersionLoggerListener.log Server built:                      May 5 2026 13:33:02 UTC
30-May-2026 22:18:35.828 INFO [main] org.apache.catalina.startup.VersionLoggerListener.log Número de versión de servidor:     10.1.55.0
30-May-2026 22:18:35.828 INFO [main] org.apache.catalina.startup.VersionLoggerListener.log OS Name:                           Windows 11
30-May-2026 22:18:35.828 INFO [main] org.apache.catalina.startup.VersionLoggerListener.log Versión de Systema Operativo:      10.0
30-May-2026 22:18:35.829 INFO [main] org.apache.catalina.startup.VersionLoggerListener.log Arquitectura:                      amd64
30-May-2026 22:18:35.829 INFO [main] org.apache.catalina.startup.VersionLoggerListener.log Java Home:                         C:\Program Files\Java\jdk-21.0.10
30-May-2026 22:18:35.829 INFO [main] org.apache.catalina.startup.VersionLoggerListener.log JVM Version:                       21.0.10+8-LTS-217
30-May-2026 22:18:35.829 INFO [main] org.apache.catalina.startup.VersionLoggerListener.log Vededor JVM:                       Oracle Corporation
30-May-2026 22:18:35.829 INFO [main] org.apache.catalina.startup.VersionLoggerListener.log CATALINA_BASE:                     C:\UNIVERSIDAD\biblioteca-udb-web
30-May-2026 22:18:35.829 INFO [main] org.apache.catalina.startup.VersionLoggerListener.log CATALINA_HOME:                     C:\Program Files\Apache Software Foundation\Tomcat 10.1
30-May-2026 22:18:35.875 INFO [main] org.apache.catalina.startup.VersionLoggerListener.log Command line argument:             --add-opens=java.base/java.lang=ALL-UNNAMED
30-May-2026 22:18:35.875 INFO [main] org.apache.catalina.startup.VersionLoggerListener.log Command line argument:             --add-opens=java.base/java.io=ALL-UNNAMED
30-May-2026 22:18:35.875 INFO [main] org.apache.catalina.startup.VersionLoggerListener.log Command line argument:             --add-opens=java.base/java.util=ALL-UNNAMED
30-May-2026 22:18:35.875 INFO [main] org.apache.catalina.startup.VersionLoggerListener.log Command line argument:             --add-opens=java.base/java.util.concurrent=ALL-UNNAMED
30-May-2026 22:18:35.875 INFO [main] org.apache.catalina.startup.VersionLoggerListener.log Command line argument:             --add-opens=java.rmi/sun.rmi.transport=ALL-UNNAMED
30-May-2026 22:18:35.876 INFO [main] org.apache.catalina.startup.VersionLoggerListener.log Command line argument:             -Dcatalina.home=C:\Program Files\Apache Software Foundation\Tomcat 10.1
30-May-2026 22:18:35.876 INFO [main] org.apache.catalina.startup.VersionLoggerListener.log Command line argument:             -Dcatalina.base=C:\UNIVERSIDAD\biblioteca-udb-web
30-May-2026 22:18:35.876 INFO [main] org.apache.catalina.startup.VersionLoggerListener.log Command line argument:             -Djava.io.tmpdir=C:\UNIVERSIDAD\biblioteca-udb-web\temp
30-May-2026 22:18:35.876 INFO [main] org.apache.catalina.startup.VersionLoggerListener.log Command line argument:             -Djava.util.logging.config.file=C:\UNIVERSIDAD\biblioteca-udb-web\conf\logging.properties
30-May-2026 22:18:35.876 INFO [main] org.apache.catalina.startup.VersionLoggerListener.log Command line argument:             -Djava.util.logging.manager=org.apache.juli.ClassLoaderLogManager
30-May-2026 22:18:35.877 INFO [main] org.apache.catalina.startup.VersionLoggerListener.log Command line argument:             -javaagent:C:\Program Files\JetBrains\IntelliJ IDEA 2025.3.2\lib\idea_rt.jar=51346
30-May-2026 22:18:35.877 INFO [main] org.apache.catalina.startup.VersionLoggerListener.log Command line argument:             -Dfile.encoding=UTF-8
30-May-2026 22:18:35.877 INFO [main] org.apache.catalina.startup.VersionLoggerListener.log Command line argument:             -Dsun.stdout.encoding=UTF-8
30-May-2026 22:18:35.877 INFO [main] org.apache.catalina.startup.VersionLoggerListener.log Command line argument:             -Dsun.stderr.encoding=UTF-8
30-May-2026 22:18:35.899 INFO [main] org.apache.catalina.core.AprLifecycleListener.lifecycleEvent La biblioteca nativa de Apache Tomcat basada en ARP que permite un rendimiento óptimo en entornos de desarrollo no ha sido hallada en java.library.path: [C:\Program Files\Java\jdk-21.0.10\bin;C:\WINDOWS\Sun\Java\bin;C:\WINDOWS\system32;C:\WINDOWS;C:\Program Files\Common Files\Oracle\Java\javapath;C:\Program Files\Microsoft MPI\Bin\;C:\WINDOWS\system32;C:\WINDOWS;C:\WINDOWS\System32\Wbem;C:\WINDOWS\System32\WindowsPowerShell\v1.0\;C:\WINDOWS\System32\OpenSSH\;C:\Program Files\dotnet\;C:\Program Files (x86)\Microsoft SQL Server\160\DTS\Binn\;C:\Program Files\Azure Data Studio\bin;C:\Program Files\Google\Google Apps Sync\;C:\Program Files\Microsoft SQL Server\150\Tools\Binn\;C:\Program Files\Microsoft SQL Server\Client SDK\ODBC\170\Tools\Binn\;C:\Program Files\Microsoft SQL Server\170\DTS\Binn\;C:\Program Files\Git\cmd;C:\Program Files (x86)\Microsoft SQL Server\170\Tools\Binn\;C:\Program Files\Microsoft SQL Server\170\Tools\Binn\;C:\Program Files\Microsoft SQL Server\Client SDK\ODBC\180\Tools\Binn\;C:\Program Files\Java\jdk-21.0.10\bin;C:\Program Files\MySQL\MySQL Shell 8.0\bin\;C:\Users\salaalvara\AppData\Local\Microsoft\WindowsApps;C:\Users\salaalvara\.dotnet\tools;C:\Users\salaalvara\AppData\Local\Programs\Microsoft VS Code\bin;C:\Program Files\JetBrains\IntelliJ IDEA 2025.3.2\bin;.]
30-May-2026 22:18:36.438 INFO [main] org.apache.coyote.AbstractProtocol.init Inicializando el manejador de protocolo ["http-nio-8080"]

30-May-2026 22:18:36.464 INFO [main] org.apache.catalina.startup.Catalina.load Server initialization in [1253] milliseconds
30-May-2026 22:18:36.592 INFO [main] org.apache.catalina.core.StandardService.startInternal Arrancando servicio [Catalina]
30-May-2026 22:18:36.593 INFO [main] org.apache.catalina.core.StandardEngine.startInternal Starting Servlet engine: [Apache Tomcat/10.1.55]
30-May-2026 22:18:36.624 INFO [main] org.apache.catalina.startup.HostConfig.deployDescriptor Desplieque del descriptor de configuración [C:\UNIVERSIDAD\biblioteca-udb-web\conf\Catalina\localhost\biblioteca-web.xml]
30-May-2026 22:18:36.881 WARNING [main] org.apache.tomcat.util.descriptor.web.WebXml.setVersion Unknown version string [6.1]. Default version will be used.
30-May-2026 22:18:37.908 INFO [main] org.apache.jasper.servlet.TldScanner.scanJars Al menos un JAR, que se ha explorado buscando TLDs, aún no contenía TLDs. Activar historial de depuración para este historiador para una completa lista de los JARs que fueron explorados y de los que nos se halló TLDs. Saltarse JARs no necesarios durante la exploración puede dar lugar a una mejora de tiempo significativa en el arranque y compilación de JSP .
30-May-2026 22:18:37.987 INFO [main] org.apache.catalina.startup.HostConfig.deployDescriptor Deployment of deployment descriptor [C:\UNIVERSIDAD\biblioteca-udb-web\conf\Catalina\localhost\biblioteca-web.xml] has finished in [1.361] ms
30-May-2026 22:18:37.992 INFO [main] org.apache.coyote.AbstractProtocol.start Starting ProtocolHandler ["http-nio-8080"]
30-May-2026 22:18:38.015 INFO [main] org.apache.catalina.startup.Catalina.start Server startup in [1549] milliseconds
30-May-2026 22:38:05.838 INFO [Thread-1] org.apache.coyote.AbstractProtocol.pause Pausing ProtocolHandler ["http-nio-8080"]
30-May-2026 22:38:05.859 INFO [Thread-1] org.apache.catalina.core.StandardService.stopInternal Parando servicio [Catalina]
30-May-2026 22:38:05.871 INFO [Thread-1] org.apache.coyote.AbstractProtocol.stop Stopping ProtocolHandler ["http-nio-8080"]
30-May-2026 22:38:05.886 INFO [Thread-1] org.apache.coyote.AbstractProtocol.destroy Destroying ProtocolHandler ["http-nio-8080"]
30-May-2026 23:13:47.279 INFO [main] org.apache.catalina.startup.VersionLoggerListener.log Nombre de la versión del servidor: Apache Tomcat/10.1.55
30-May-2026 23:13:47.291 INFO [main] org.apache.catalina.startup.VersionLoggerListener.log Server built:                      May 5 2026 13:33:02 UTC
30-May-2026 23:13:47.292 INFO [main] org.apache.catalina.startup.VersionLoggerListener.log Número de versión de servidor:     10.1.55.0
30-May-2026 23:13:47.293 INFO [main] org.apache.catalina.startup.VersionLoggerListener.log OS Name:                           Windows 11
30-May-2026 23:13:47.293 INFO [main] org.apache.catalina.startup.VersionLoggerListener.log Versión de Systema Operativo:      10.0
30-May-2026 23:13:47.293 INFO [main] org.apache.catalina.startup.VersionLoggerListener.log Arquitectura:                      amd64
30-May-2026 23:13:47.293 INFO [main] org.apache.catalina.startup.VersionLoggerListener.log Java Home:                         C:\Program Files\Java\jdk-21.0.10
30-May-2026 23:13:47.293 INFO [main] org.apache.catalina.startup.VersionLoggerListener.log JVM Version:                       21.0.10+8-LTS-217
30-May-2026 23:13:47.294 INFO [main] org.apache.catalina.startup.VersionLoggerListener.log Vededor JVM:                       Oracle Corporation
30-May-2026 23:13:47.294 INFO [main] org.apache.catalina.startup.VersionLoggerListener.log CATALINA_BASE:                     C:\UNIVERSIDAD\biblioteca-udb-web
30-May-2026 23:13:47.294 INFO [main] org.apache.catalina.startup.VersionLoggerListener.log CATALINA_HOME:                     C:\Program Files\Apache Software Foundation\Tomcat 10.1
30-May-2026 23:13:47.313 INFO [main] org.apache.catalina.startup.VersionLoggerListener.log Command line argument:             --add-opens=java.base/java.lang=ALL-UNNAMED
30-May-2026 23:13:47.314 INFO [main] org.apache.catalina.startup.VersionLoggerListener.log Command line argument:             --add-opens=java.base/java.io=ALL-UNNAMED
30-May-2026 23:13:47.314 INFO [main] org.apache.catalina.startup.VersionLoggerListener.log Command line argument:             --add-opens=java.base/java.util=ALL-UNNAMED
30-May-2026 23:13:47.314 INFO [main] org.apache.catalina.startup.VersionLoggerListener.log Command line argument:             --add-opens=java.base/java.util.concurrent=ALL-UNNAMED
30-May-2026 23:13:47.314 INFO [main] org.apache.catalina.startup.VersionLoggerListener.log Command line argument:             --add-opens=java.rmi/sun.rmi.transport=ALL-UNNAMED
30-May-2026 23:13:47.315 INFO [main] org.apache.catalina.startup.VersionLoggerListener.log Command line argument:             -Dcatalina.home=C:\Program Files\Apache Software Foundation\Tomcat 10.1
30-May-2026 23:13:47.315 INFO [main] org.apache.catalina.startup.VersionLoggerListener.log Command line argument:             -Dcatalina.base=C:\UNIVERSIDAD\biblioteca-udb-web
30-May-2026 23:13:47.315 INFO [main] org.apache.catalina.startup.VersionLoggerListener.log Command line argument:             -Djava.io.tmpdir=C:\UNIVERSIDAD\biblioteca-udb-web\temp
30-May-2026 23:13:47.315 INFO [main] org.apache.catalina.startup.VersionLoggerListener.log Command line argument:             -Djava.util.logging.config.file=C:\UNIVERSIDAD\biblioteca-udb-web\conf\logging.properties
30-May-2026 23:13:47.315 INFO [main] org.apache.catalina.startup.VersionLoggerListener.log Command line argument:             -Djava.util.logging.manager=org.apache.juli.ClassLoaderLogManager
30-May-2026 23:13:47.315 INFO [main] org.apache.catalina.startup.VersionLoggerListener.log Command line argument:             -javaagent:C:\Program Files\JetBrains\IntelliJ IDEA 2025.3.2\lib\idea_rt.jar=62934
30-May-2026 23:13:47.316 INFO [main] org.apache.catalina.startup.VersionLoggerListener.log Command line argument:             -Dfile.encoding=UTF-8
30-May-2026 23:13:47.316 INFO [main] org.apache.catalina.startup.VersionLoggerListener.log Command line argument:             -Dsun.stdout.encoding=UTF-8
30-May-2026 23:13:47.316 INFO [main] org.apache.catalina.startup.VersionLoggerListener.log Command line argument:             -Dsun.stderr.encoding=UTF-8
30-May-2026 23:13:47.331 INFO [main] org.apache.catalina.core.AprLifecycleListener.lifecycleEvent La biblioteca nativa de Apache Tomcat basada en ARP que permite un rendimiento óptimo en entornos de desarrollo no ha sido hallada en java.library.path: [C:\Program Files\Java\jdk-21.0.10\bin;C:\WINDOWS\Sun\Java\bin;C:\WINDOWS\system32;C:\WINDOWS;C:\Program Files\Common Files\Oracle\Java\javapath;C:\Program Files\Microsoft MPI\Bin\;C:\WINDOWS\system32;C:\WINDOWS;C:\WINDOWS\System32\Wbem;C:\WINDOWS\System32\WindowsPowerShell\v1.0\;C:\WINDOWS\System32\OpenSSH\;C:\Program Files\dotnet\;C:\Program Files (x86)\Microsoft SQL Server\160\DTS\Binn\;C:\Program Files\Azure Data Studio\bin;C:\Program Files\Google\Google Apps Sync\;C:\Program Files\Microsoft SQL Server\150\Tools\Binn\;C:\Program Files\Microsoft SQL Server\Client SDK\ODBC\170\Tools\Binn\;C:\Program Files\Microsoft SQL Server\170\DTS\Binn\;C:\Program Files\Git\cmd;C:\Program Files (x86)\Microsoft SQL Server\170\Tools\Binn\;C:\Program Files\Microsoft SQL Server\170\Tools\Binn\;C:\Program Files\Microsoft SQL Server\Client SDK\ODBC\180\Tools\Binn\;C:\Program Files\Java\jdk-21.0.10\bin;C:\Program Files\MySQL\MySQL Shell 8.0\bin\;C:\Users\salaalvara\AppData\Local\Microsoft\WindowsApps;C:\Users\salaalvara\.dotnet\tools;C:\Users\salaalvara\AppData\Local\Programs\Microsoft VS Code\bin;C:\Program Files\JetBrains\IntelliJ IDEA 2025.3.2\bin;.]
30-May-2026 23:13:47.713 INFO [main] org.apache.coyote.AbstractProtocol.init Inicializando el manejador de protocolo ["http-nio-8080"]

30-May-2026 23:13:47.744 INFO [main] org.apache.catalina.startup.Catalina.load Server initialization in [937] milliseconds
30-May-2026 23:13:47.885 INFO [main] org.apache.catalina.core.StandardService.startInternal Arrancando servicio [Catalina]
30-May-2026 23:13:47.885 INFO [main] org.apache.catalina.core.StandardEngine.startInternal Starting Servlet engine: [Apache Tomcat/10.1.55]
30-May-2026 23:13:47.915 INFO [main] org.apache.catalina.startup.HostConfig.deployDescriptor Desplieque del descriptor de configuración [C:\UNIVERSIDAD\biblioteca-udb-web\conf\Catalina\localhost\biblioteca-web.xml]
30-May-2026 23:13:48.250 WARNING [main] org.apache.tomcat.util.descriptor.web.WebXml.setVersion Unknown version string [6.1]. Default version will be used.
30-May-2026 23:13:49.222 INFO [main] org.apache.jasper.servlet.TldScanner.scanJars Al menos un JAR, que se ha explorado buscando TLDs, aún no contenía TLDs. Activar historial de depuración para este historiador para una completa lista de los JARs que fueron explorados y de los que nos se halló TLDs. Saltarse JARs no necesarios durante la exploración puede dar lugar a una mejora de tiempo significativa en el arranque y compilación de JSP .
30-May-2026 23:13:49.330 INFO [main] org.apache.catalina.startup.HostConfig.deployDescriptor Deployment of deployment descriptor [C:\UNIVERSIDAD\biblioteca-udb-web\conf\Catalina\localhost\biblioteca-web.xml] has finished in [1.412] ms
30-May-2026 23:13:49.334 INFO [main] org.apache.coyote.AbstractProtocol.start Starting ProtocolHandler ["http-nio-8080"]
30-May-2026 23:13:49.356 INFO [main] org.apache.catalina.startup.Catalina.start Server startup in [1608] milliseconds
30-May-2026 23:20:34.427 INFO [Thread-1] org.apache.coyote.AbstractProtocol.pause Pausing ProtocolHandler ["http-nio-8080"]
30-May-2026 23:20:34.446 INFO [Thread-1] org.apache.catalina.core.StandardService.stopInternal Parando servicio [Catalina]
30-May-2026 23:20:34.453 WARNING [Thread-1] org.apache.catalina.loader.WebappClassLoaderBase.clearReferencesJdbc La aplicación web [biblioteca-web] registró el conductor JDBC [com.mysql.cj.jdbc.Driver] pero falló al anular el registro mientras la aplicación web estaba parada. Para prevenir un fallo de memoria, se ha anulado el registro del conductor JDBC por la fuerza.
30-May-2026 23:20:34.454 WARNING [Thread-1] org.apache.catalina.loader.WebappClassLoaderBase.clearReferencesThreads The web application [biblioteca-web] appears to have started a thread named [mysql-cj-abandoned-connection-cleanup] but has failed to stop it. This is very likely to create a memory leak. Stack trace of thread:
 java.base/jdk.internal.misc.Unsafe.park(Native Method)
 java.base/java.util.concurrent.locks.LockSupport.parkNanos(LockSupport.java:269)
 java.base/java.util.concurrent.locks.AbstractQueuedSynchronizer$ConditionObject.await(AbstractQueuedSynchronizer.java:1852)
 java.base/java.lang.ref.ReferenceQueue.await(ReferenceQueue.java:71)
 java.base/java.lang.ref.ReferenceQueue.remove0(ReferenceQueue.java:143)
 java.base/java.lang.ref.ReferenceQueue.remove(ReferenceQueue.java:218)
 com.mysql.cj.jdbc.AbandonedConnectionCleanupThread.run(AbandonedConnectionCleanupThread.java:93)
 java.base/java.util.concurrent.ThreadPoolExecutor.runWorker(ThreadPoolExecutor.java:1144)
 java.base/java.util.concurrent.ThreadPoolExecutor$Worker.run(ThreadPoolExecutor.java:642)
 java.base/java.lang.Thread.run(Thread.java:1583)
30-May-2026 23:20:34.459 INFO [Thread-1] org.apache.coyote.AbstractProtocol.stop Stopping ProtocolHandler ["http-nio-8080"]
30-May-2026 23:20:34.473 INFO [Thread-1] org.apache.coyote.AbstractProtocol.destroy Destroying ProtocolHandler ["http-nio-8080"]
30-May-2026 23:25:09.447 INFO [main] org.apache.catalina.startup.VersionLoggerListener.log Nombre de la versión del servidor: Apache Tomcat/10.1.55
30-May-2026 23:25:09.462 INFO [main] org.apache.catalina.startup.VersionLoggerListener.log Server built:                      May 5 2026 13:33:02 UTC
30-May-2026 23:25:09.462 INFO [main] org.apache.catalina.startup.VersionLoggerListener.log Número de versión de servidor:     10.1.55.0
30-May-2026 23:25:09.462 INFO [main] org.apache.catalina.startup.VersionLoggerListener.log OS Name:                           Windows 11
30-May-2026 23:25:09.462 INFO [main] org.apache.catalina.startup.VersionLoggerListener.log Versión de Systema Operativo:      10.0
30-May-2026 23:25:09.462 INFO [main] org.apache.catalina.startup.VersionLoggerListener.log Arquitectura:                      amd64
30-May-2026 23:25:09.462 INFO [main] org.apache.catalina.startup.VersionLoggerListener.log Java Home:                         C:\Program Files\Java\jdk-21.0.10
30-May-2026 23:25:09.462 INFO [main] org.apache.catalina.startup.VersionLoggerListener.log JVM Version:                       21.0.10+8-LTS-217
30-May-2026 23:25:09.464 INFO [main] org.apache.catalina.startup.VersionLoggerListener.log Vededor JVM:                       Oracle Corporation
30-May-2026 23:25:09.464 INFO [main] org.apache.catalina.startup.VersionLoggerListener.log CATALINA_BASE:                     C:\UNIVERSIDAD\biblioteca-udb-web
30-May-2026 23:25:09.464 INFO [main] org.apache.catalina.startup.VersionLoggerListener.log CATALINA_HOME:                     C:\Program Files\Apache Software Foundation\Tomcat 10.1
30-May-2026 23:25:09.484 INFO [main] org.apache.catalina.startup.VersionLoggerListener.log Command line argument:             --add-opens=java.base/java.lang=ALL-UNNAMED
30-May-2026 23:25:09.484 INFO [main] org.apache.catalina.startup.VersionLoggerListener.log Command line argument:             --add-opens=java.base/java.io=ALL-UNNAMED
30-May-2026 23:25:09.485 INFO [main] org.apache.catalina.startup.VersionLoggerListener.log Command line argument:             --add-opens=java.base/java.util=ALL-UNNAMED
30-May-2026 23:25:09.485 INFO [main] org.apache.catalina.startup.VersionLoggerListener.log Command line argument:             --add-opens=java.base/java.util.concurrent=ALL-UNNAMED
30-May-2026 23:25:09.485 INFO [main] org.apache.catalina.startup.VersionLoggerListener.log Command line argument:             --add-opens=java.rmi/sun.rmi.transport=ALL-UNNAMED
30-May-2026 23:25:09.485 INFO [main] org.apache.catalina.startup.VersionLoggerListener.log Command line argument:             -Dcatalina.home=C:\Program Files\Apache Software Foundation\Tomcat 10.1
30-May-2026 23:25:09.485 INFO [main] org.apache.catalina.startup.VersionLoggerListener.log Command line argument:             -Dcatalina.base=C:\UNIVERSIDAD\biblioteca-udb-web
30-May-2026 23:25:09.485 INFO [main] org.apache.catalina.startup.VersionLoggerListener.log Command line argument:             -Djava.io.tmpdir=C:\UNIVERSIDAD\biblioteca-udb-web\temp
30-May-2026 23:25:09.485 INFO [main] org.apache.catalina.startup.VersionLoggerListener.log Command line argument:             -Djava.util.logging.config.file=C:\UNIVERSIDAD\biblioteca-udb-web\conf\logging.properties
30-May-2026 23:25:09.485 INFO [main] org.apache.catalina.startup.VersionLoggerListener.log Command line argument:             -Djava.util.logging.manager=org.apache.juli.ClassLoaderLogManager
30-May-2026 23:25:09.486 INFO [main] org.apache.catalina.startup.VersionLoggerListener.log Command line argument:             -javaagent:C:\Program Files\JetBrains\IntelliJ IDEA 2025.3.2\lib\idea_rt.jar=64251
30-May-2026 23:25:09.486 INFO [main] org.apache.catalina.startup.VersionLoggerListener.log Command line argument:             -Dfile.encoding=UTF-8
30-May-2026 23:25:09.486 INFO [main] org.apache.catalina.startup.VersionLoggerListener.log Command line argument:             -Dsun.stdout.encoding=UTF-8
30-May-2026 23:25:09.486 INFO [main] org.apache.catalina.startup.VersionLoggerListener.log Command line argument:             -Dsun.stderr.encoding=UTF-8
30-May-2026 23:25:09.525 INFO [main] org.apache.catalina.core.AprLifecycleListener.lifecycleEvent La biblioteca nativa de Apache Tomcat basada en ARP que permite un rendimiento óptimo en entornos de desarrollo no ha sido hallada en java.library.path: [C:\Program Files\Java\jdk-21.0.10\bin;C:\WINDOWS\Sun\Java\bin;C:\WINDOWS\system32;C:\WINDOWS;C:\Program Files\Common Files\Oracle\Java\javapath;C:\Program Files\Microsoft MPI\Bin\;C:\WINDOWS\system32;C:\WINDOWS;C:\WINDOWS\System32\Wbem;C:\WINDOWS\System32\WindowsPowerShell\v1.0\;C:\WINDOWS\System32\OpenSSH\;C:\Program Files\dotnet\;C:\Program Files (x86)\Microsoft SQL Server\160\DTS\Binn\;C:\Program Files\Azure Data Studio\bin;C:\Program Files\Google\Google Apps Sync\;C:\Program Files\Microsoft SQL Server\150\Tools\Binn\;C:\Program Files\Microsoft SQL Server\Client SDK\ODBC\170\Tools\Binn\;C:\Program Files\Microsoft SQL Server\170\DTS\Binn\;C:\Program Files\Git\cmd;C:\Program Files (x86)\Microsoft SQL Server\170\Tools\Binn\;C:\Program Files\Microsoft SQL Server\170\Tools\Binn\;C:\Program Files\Microsoft SQL Server\Client SDK\ODBC\180\Tools\Binn\;C:\Program Files\Java\jdk-21.0.10\bin;C:\Program Files\MySQL\MySQL Shell 8.0\bin\;C:\Users\salaalvara\AppData\Local\Microsoft\WindowsApps;C:\Users\salaalvara\.dotnet\tools;C:\Users\salaalvara\AppData\Local\Programs\Microsoft VS Code\bin;C:\Program Files\JetBrains\IntelliJ IDEA 2025.3.2\bin;.]
30-May-2026 23:25:09.945 INFO [main] org.apache.coyote.AbstractProtocol.init Inicializando el manejador de protocolo ["http-nio-8080"]

30-May-2026 23:25:09.963 INFO [main] org.apache.catalina.startup.Catalina.load Server initialization in [949] milliseconds
30-May-2026 23:25:10.051 INFO [main] org.apache.catalina.core.StandardService.startInternal Arrancando servicio [Catalina]
30-May-2026 23:25:10.052 INFO [main] org.apache.catalina.core.StandardEngine.startInternal Starting Servlet engine: [Apache Tomcat/10.1.55]
30-May-2026 23:25:10.068 INFO [main] org.apache.catalina.startup.HostConfig.deployDescriptor Desplieque del descriptor de configuración [C:\UNIVERSIDAD\biblioteca-udb-web\conf\Catalina\localhost\biblioteca-web.xml]
30-May-2026 23:25:10.273 WARNING [main] org.apache.tomcat.util.descriptor.web.WebXml.setVersion Unknown version string [6.1]. Default version will be used.
30-May-2026 23:25:11.494 INFO [main] org.apache.jasper.servlet.TldScanner.scanJars Al menos un JAR, que se ha explorado buscando TLDs, aún no contenía TLDs. Activar historial de depuración para este historiador para una completa lista de los JARs que fueron explorados y de los que nos se halló TLDs. Saltarse JARs no necesarios durante la exploración puede dar lugar a una mejora de tiempo significativa en el arranque y compilación de JSP .
30-May-2026 23:25:11.587 INFO [main] org.apache.catalina.startup.HostConfig.deployDescriptor Deployment of deployment descriptor [C:\UNIVERSIDAD\biblioteca-udb-web\conf\Catalina\localhost\biblioteca-web.xml] has finished in [1.516] ms
30-May-2026 23:25:11.592 INFO [main] org.apache.coyote.AbstractProtocol.start Starting ProtocolHandler ["http-nio-8080"]
30-May-2026 23:25:11.620 INFO [main] org.apache.catalina.startup.Catalina.start Server startup in [1656] milliseconds
30-May-2026 23:27:46.298 INFO [Thread-1] org.apache.coyote.AbstractProtocol.pause Pausing ProtocolHandler ["http-nio-8080"]
30-May-2026 23:27:46.310 INFO [Thread-1] org.apache.catalina.core.StandardService.stopInternal Parando servicio [Catalina]
30-May-2026 23:27:46.315 WARNING [Thread-1] org.apache.catalina.loader.WebappClassLoaderBase.clearReferencesJdbc La aplicación web [biblioteca-web] registró el conductor JDBC [com.mysql.cj.jdbc.Driver] pero falló al anular el registro mientras la aplicación web estaba parada. Para prevenir un fallo de memoria, se ha anulado el registro del conductor JDBC por la fuerza.
30-May-2026 23:27:46.316 WARNING [Thread-1] org.apache.catalina.loader.WebappClassLoaderBase.clearReferencesThreads The web application [biblioteca-web] appears to have started a thread named [mysql-cj-abandoned-connection-cleanup] but has failed to stop it. This is very likely to create a memory leak. Stack trace of thread:
 java.base/jdk.internal.misc.Unsafe.park(Native Method)
 java.base/java.util.concurrent.locks.LockSupport.parkNanos(LockSupport.java:269)
 java.base/java.util.concurrent.locks.AbstractQueuedSynchronizer$ConditionObject.await(AbstractQueuedSynchronizer.java:1852)
 java.base/java.lang.ref.ReferenceQueue.await(ReferenceQueue.java:71)
 java.base/java.lang.ref.ReferenceQueue.remove0(ReferenceQueue.java:143)
 java.base/java.lang.ref.ReferenceQueue.remove(ReferenceQueue.java:218)
 com.mysql.cj.jdbc.AbandonedConnectionCleanupThread.run(AbandonedConnectionCleanupThread.java:93)
 java.base/java.util.concurrent.ThreadPoolExecutor.runWorker(ThreadPoolExecutor.java:1144)
 java.base/java.util.concurrent.ThreadPoolExecutor$Worker.run(ThreadPoolExecutor.java:642)
 java.base/java.lang.Thread.run(Thread.java:1583)
30-May-2026 23:27:46.321 INFO [Thread-1] org.apache.coyote.AbstractProtocol.stop Stopping ProtocolHandler ["http-nio-8080"]
30-May-2026 23:27:46.350 INFO [Thread-1] org.apache.coyote.AbstractProtocol.destroy Destroying ProtocolHandler ["http-nio-8080"]
30-May-2026 23:33:22.599 INFO [main] org.apache.catalina.startup.VersionLoggerListener.log Nombre de la versión del servidor: Apache Tomcat/10.1.55
30-May-2026 23:33:22.603 INFO [main] org.apache.catalina.startup.VersionLoggerListener.log Server built:                      May 5 2026 13:33:02 UTC
30-May-2026 23:33:22.603 INFO [main] org.apache.catalina.startup.VersionLoggerListener.log Número de versión de servidor:     10.1.55.0
30-May-2026 23:33:22.604 INFO [main] org.apache.catalina.startup.VersionLoggerListener.log OS Name:                           Windows 11
30-May-2026 23:33:22.604 INFO [main] org.apache.catalina.startup.VersionLoggerListener.log Versión de Systema Operativo:      10.0
30-May-2026 23:33:22.604 INFO [main] org.apache.catalina.startup.VersionLoggerListener.log Arquitectura:                      amd64
30-May-2026 23:33:22.604 INFO [main] org.apache.catalina.startup.VersionLoggerListener.log Java Home:                         C:\Program Files\Java\jdk-21.0.10
30-May-2026 23:33:22.604 INFO [main] org.apache.catalina.startup.VersionLoggerListener.log JVM Version:                       21.0.10+8-LTS-217
30-May-2026 23:33:22.604 INFO [main] org.apache.catalina.startup.VersionLoggerListener.log Vededor JVM:                       Oracle Corporation
30-May-2026 23:33:22.604 INFO [main] org.apache.catalina.startup.VersionLoggerListener.log CATALINA_BASE:                     C:\UNIVERSIDAD\biblioteca-udb-web
30-May-2026 23:33:22.604 INFO [main] org.apache.catalina.startup.VersionLoggerListener.log CATALINA_HOME:                     C:\Program Files\Apache Software Foundation\Tomcat 10.1
30-May-2026 23:33:22.616 INFO [main] org.apache.catalina.startup.VersionLoggerListener.log Command line argument:             --add-opens=java.base/java.lang=ALL-UNNAMED
30-May-2026 23:33:22.616 INFO [main] org.apache.catalina.startup.VersionLoggerListener.log Command line argument:             --add-opens=java.base/java.io=ALL-UNNAMED
30-May-2026 23:33:22.616 INFO [main] org.apache.catalina.startup.VersionLoggerListener.log Command line argument:             --add-opens=java.base/java.util=ALL-UNNAMED
30-May-2026 23:33:22.616 INFO [main] org.apache.catalina.startup.VersionLoggerListener.log Command line argument:             --add-opens=java.base/java.util.concurrent=ALL-UNNAMED
30-May-2026 23:33:22.616 INFO [main] org.apache.catalina.startup.VersionLoggerListener.log Command line argument:             --add-opens=java.rmi/sun.rmi.transport=ALL-UNNAMED
30-May-2026 23:33:22.617 INFO [main] org.apache.catalina.startup.VersionLoggerListener.log Command line argument:             -Dcatalina.home=C:\Program Files\Apache Software Foundation\Tomcat 10.1
30-May-2026 23:33:22.617 INFO [main] org.apache.catalina.startup.VersionLoggerListener.log Command line argument:             -Dcatalina.base=C:\UNIVERSIDAD\biblioteca-udb-web
30-May-2026 23:33:22.617 INFO [main] org.apache.catalina.startup.VersionLoggerListener.log Command line argument:             -Djava.io.tmpdir=C:\UNIVERSIDAD\biblioteca-udb-web\temp
30-May-2026 23:33:22.617 INFO [main] org.apache.catalina.startup.VersionLoggerListener.log Command line argument:             -Djava.util.logging.config.file=C:\UNIVERSIDAD\biblioteca-udb-web\conf\logging.properties
30-May-2026 23:33:22.618 INFO [main] org.apache.catalina.startup.VersionLoggerListener.log Command line argument:             -Djava.util.logging.manager=org.apache.juli.ClassLoaderLogManager
30-May-2026 23:33:22.618 INFO [main] org.apache.catalina.startup.VersionLoggerListener.log Command line argument:             -javaagent:C:\Program Files\JetBrains\IntelliJ IDEA 2025.3.2\lib\idea_rt.jar=50365
30-May-2026 23:33:22.619 INFO [main] org.apache.catalina.startup.VersionLoggerListener.log Command line argument:             -Dfile.encoding=UTF-8
30-May-2026 23:33:22.619 INFO [main] org.apache.catalina.startup.VersionLoggerListener.log Command line argument:             -Dsun.stdout.encoding=UTF-8
30-May-2026 23:33:22.621 INFO [main] org.apache.catalina.startup.VersionLoggerListener.log Command line argument:             -Dsun.stderr.encoding=UTF-8
30-May-2026 23:33:22.628 INFO [main] org.apache.catalina.core.AprLifecycleListener.lifecycleEvent La biblioteca nativa de Apache Tomcat basada en ARP que permite un rendimiento óptimo en entornos de desarrollo no ha sido hallada en java.library.path: [C:\Program Files\Java\jdk-21.0.10\bin;C:\WINDOWS\Sun\Java\bin;C:\WINDOWS\system32;C:\WINDOWS;C:\Program Files\Common Files\Oracle\Java\javapath;C:\Program Files\Microsoft MPI\Bin\;C:\WINDOWS\system32;C:\WINDOWS;C:\WINDOWS\System32\Wbem;C:\WINDOWS\System32\WindowsPowerShell\v1.0\;C:\WINDOWS\System32\OpenSSH\;C:\Program Files\dotnet\;C:\Program Files (x86)\Microsoft SQL Server\160\DTS\Binn\;C:\Program Files\Azure Data Studio\bin;C:\Program Files\Google\Google Apps Sync\;C:\Program Files\Microsoft SQL Server\150\Tools\Binn\;C:\Program Files\Microsoft SQL Server\Client SDK\ODBC\170\Tools\Binn\;C:\Program Files\Microsoft SQL Server\170\DTS\Binn\;C:\Program Files\Git\cmd;C:\Program Files (x86)\Microsoft SQL Server\170\Tools\Binn\;C:\Program Files\Microsoft SQL Server\170\Tools\Binn\;C:\Program Files\Microsoft SQL Server\Client SDK\ODBC\180\Tools\Binn\;C:\Program Files\Java\jdk-21.0.10\bin;C:\Program Files\MySQL\MySQL Shell 8.0\bin\;C:\Users\salaalvara\AppData\Local\Microsoft\WindowsApps;C:\Users\salaalvara\.dotnet\tools;C:\Users\salaalvara\AppData\Local\Programs\Microsoft VS Code\bin;C:\Program Files\JetBrains\IntelliJ IDEA 2025.3.2\bin;.]
30-May-2026 23:33:23.002 INFO [main] org.apache.coyote.AbstractProtocol.init Inicializando el manejador de protocolo ["http-nio-8080"]

30-May-2026 23:33:23.018 INFO [main] org.apache.catalina.startup.Catalina.load Server initialization in [594] milliseconds
30-May-2026 23:33:23.098 INFO [main] org.apache.catalina.core.StandardService.startInternal Arrancando servicio [Catalina]
30-May-2026 23:33:23.098 INFO [main] org.apache.catalina.core.StandardEngine.startInternal Starting Servlet engine: [Apache Tomcat/10.1.55]
30-May-2026 23:33:23.106 INFO [main] org.apache.catalina.startup.HostConfig.deployDescriptor Desplieque del descriptor de configuración [C:\UNIVERSIDAD\biblioteca-udb-web\conf\Catalina\localhost\biblioteca-web.xml]
30-May-2026 23:33:23.245 WARNING [main] org.apache.tomcat.util.descriptor.web.WebXml.setVersion Unknown version string [6.1]. Default version will be used.
30-May-2026 23:33:23.978 INFO [main] org.apache.jasper.servlet.TldScanner.scanJars Al menos un JAR, que se ha explorado buscando TLDs, aún no contenía TLDs. Activar historial de depuración para este historiador para una completa lista de los JARs que fueron explorados y de los que nos se halló TLDs. Saltarse JARs no necesarios durante la exploración puede dar lugar a una mejora de tiempo significativa en el arranque y compilación de JSP .
30-May-2026 23:33:24.065 INFO [main] org.apache.catalina.startup.HostConfig.deployDescriptor Deployment of deployment descriptor [C:\UNIVERSIDAD\biblioteca-udb-web\conf\Catalina\localhost\biblioteca-web.xml] has finished in [956] ms
30-May-2026 23:33:24.072 INFO [main] org.apache.coyote.AbstractProtocol.start Starting ProtocolHandler ["http-nio-8080"]
30-May-2026 23:33:24.090 INFO [main] org.apache.catalina.startup.Catalina.start Server startup in [1071] milliseconds
30-May-2026 23:36:07.895 INFO [Thread-1] org.apache.coyote.AbstractProtocol.pause Pausing ProtocolHandler ["http-nio-8080"]
30-May-2026 23:36:07.904 INFO [Thread-1] org.apache.catalina.core.StandardService.stopInternal Parando servicio [Catalina]
30-May-2026 23:36:07.907 WARNING [Thread-1] org.apache.catalina.loader.WebappClassLoaderBase.clearReferencesJdbc La aplicación web [biblioteca-web] registró el conductor JDBC [com.mysql.cj.jdbc.Driver] pero falló al anular el registro mientras la aplicación web estaba parada. Para prevenir un fallo de memoria, se ha anulado el registro del conductor JDBC por la fuerza.
30-May-2026 23:36:07.908 WARNING [Thread-1] org.apache.catalina.loader.WebappClassLoaderBase.clearReferencesThreads The web application [biblioteca-web] appears to have started a thread named [mysql-cj-abandoned-connection-cleanup] but has failed to stop it. This is very likely to create a memory leak. Stack trace of thread:
 java.base/jdk.internal.misc.Unsafe.park(Native Method)
 java.base/java.util.concurrent.locks.LockSupport.parkNanos(LockSupport.java:269)
 java.base/java.util.concurrent.locks.AbstractQueuedSynchronizer$ConditionObject.await(AbstractQueuedSynchronizer.java:1852)
 java.base/java.lang.ref.ReferenceQueue.await(ReferenceQueue.java:71)
 java.base/java.lang.ref.ReferenceQueue.remove0(ReferenceQueue.java:143)
 java.base/java.lang.ref.ReferenceQueue.remove(ReferenceQueue.java:218)
 com.mysql.cj.jdbc.AbandonedConnectionCleanupThread.run(AbandonedConnectionCleanupThread.java:93)
 java.base/java.util.concurrent.ThreadPoolExecutor.runWorker(ThreadPoolExecutor.java:1144)
 java.base/java.util.concurrent.ThreadPoolExecutor$Worker.run(ThreadPoolExecutor.java:642)
 java.base/java.lang.Thread.run(Thread.java:1583)
30-May-2026 23:36:07.911 INFO [Thread-1] org.apache.coyote.AbstractProtocol.stop Stopping ProtocolHandler ["http-nio-8080"]
30-May-2026 23:36:07.916 INFO [Thread-1] org.apache.coyote.AbstractProtocol.destroy Destroying ProtocolHandler ["http-nio-8080"]
30-May-2026 23:36:40.683 INFO [main] org.apache.catalina.startup.VersionLoggerListener.log Nombre de la versión del servidor: Apache Tomcat/10.1.55
30-May-2026 23:36:40.687 INFO [main] org.apache.catalina.startup.VersionLoggerListener.log Server built:                      May 5 2026 13:33:02 UTC
30-May-2026 23:36:40.689 INFO [main] org.apache.catalina.startup.VersionLoggerListener.log Número de versión de servidor:     10.1.55.0
30-May-2026 23:36:40.689 INFO [main] org.apache.catalina.startup.VersionLoggerListener.log OS Name:                           Windows 11
30-May-2026 23:36:40.689 INFO [main] org.apache.catalina.startup.VersionLoggerListener.log Versión de Systema Operativo:      10.0
30-May-2026 23:36:40.690 INFO [main] org.apache.catalina.startup.VersionLoggerListener.log Arquitectura:                      amd64
30-May-2026 23:36:40.690 INFO [main] org.apache.catalina.startup.VersionLoggerListener.log Java Home:                         C:\Program Files\Java\jdk-21.0.10
30-May-2026 23:36:40.690 INFO [main] org.apache.catalina.startup.VersionLoggerListener.log JVM Version:                       21.0.10+8-LTS-217
30-May-2026 23:36:40.690 INFO [main] org.apache.catalina.startup.VersionLoggerListener.log Vededor JVM:                       Oracle Corporation
30-May-2026 23:36:40.690 INFO [main] org.apache.catalina.startup.VersionLoggerListener.log CATALINA_BASE:                     C:\UNIVERSIDAD\biblioteca-udb-web
30-May-2026 23:36:40.690 INFO [main] org.apache.catalina.startup.VersionLoggerListener.log CATALINA_HOME:                     C:\Program Files\Apache Software Foundation\Tomcat 10.1
30-May-2026 23:36:40.698 INFO [main] org.apache.catalina.startup.VersionLoggerListener.log Command line argument:             --add-opens=java.base/java.lang=ALL-UNNAMED
30-May-2026 23:36:40.698 INFO [main] org.apache.catalina.startup.VersionLoggerListener.log Command line argument:             --add-opens=java.base/java.io=ALL-UNNAMED
30-May-2026 23:36:40.698 INFO [main] org.apache.catalina.startup.VersionLoggerListener.log Command line argument:             --add-opens=java.base/java.util=ALL-UNNAMED
30-May-2026 23:36:40.698 INFO [main] org.apache.catalina.startup.VersionLoggerListener.log Command line argument:             --add-opens=java.base/java.util.concurrent=ALL-UNNAMED
30-May-2026 23:36:40.698 INFO [main] org.apache.catalina.startup.VersionLoggerListener.log Command line argument:             --add-opens=java.rmi/sun.rmi.transport=ALL-UNNAMED
30-May-2026 23:36:40.698 INFO [main] org.apache.catalina.startup.VersionLoggerListener.log Command line argument:             -Dcatalina.home=C:\Program Files\Apache Software Foundation\Tomcat 10.1
30-May-2026 23:36:40.698 INFO [main] org.apache.catalina.startup.VersionLoggerListener.log Command line argument:             -Dcatalina.base=C:\UNIVERSIDAD\biblioteca-udb-web
30-May-2026 23:36:40.698 INFO [main] org.apache.catalina.startup.VersionLoggerListener.log Command line argument:             -Djava.io.tmpdir=C:\UNIVERSIDAD\biblioteca-udb-web\temp
30-May-2026 23:36:40.698 INFO [main] org.apache.catalina.startup.VersionLoggerListener.log Command line argument:             -Djava.util.logging.config.file=C:\UNIVERSIDAD\biblioteca-udb-web\conf\logging.properties
30-May-2026 23:36:40.698 INFO [main] org.apache.catalina.startup.VersionLoggerListener.log Command line argument:             -Djava.util.logging.manager=org.apache.juli.ClassLoaderLogManager
30-May-2026 23:36:40.698 INFO [main] org.apache.catalina.startup.VersionLoggerListener.log Command line argument:             -javaagent:C:\Program Files\JetBrains\IntelliJ IDEA 2025.3.2\lib\idea_rt.jar=63885
30-May-2026 23:36:40.698 INFO [main] org.apache.catalina.startup.VersionLoggerListener.log Command line argument:             -Dfile.encoding=UTF-8
30-May-2026 23:36:40.698 INFO [main] org.apache.catalina.startup.VersionLoggerListener.log Command line argument:             -Dsun.stdout.encoding=UTF-8
30-May-2026 23:36:40.698 INFO [main] org.apache.catalina.startup.VersionLoggerListener.log Command line argument:             -Dsun.stderr.encoding=UTF-8
30-May-2026 23:36:40.705 INFO [main] org.apache.catalina.core.AprLifecycleListener.lifecycleEvent La biblioteca nativa de Apache Tomcat basada en ARP que permite un rendimiento óptimo en entornos de desarrollo no ha sido hallada en java.library.path: [C:\Program Files\Java\jdk-21.0.10\bin;C:\WINDOWS\Sun\Java\bin;C:\WINDOWS\system32;C:\WINDOWS;C:\Program Files\Common Files\Oracle\Java\javapath;C:\Program Files\Microsoft MPI\Bin\;C:\WINDOWS\system32;C:\WINDOWS;C:\WINDOWS\System32\Wbem;C:\WINDOWS\System32\WindowsPowerShell\v1.0\;C:\WINDOWS\System32\OpenSSH\;C:\Program Files\dotnet\;C:\Program Files (x86)\Microsoft SQL Server\160\DTS\Binn\;C:\Program Files\Azure Data Studio\bin;C:\Program Files\Google\Google Apps Sync\;C:\Program Files\Microsoft SQL Server\150\Tools\Binn\;C:\Program Files\Microsoft SQL Server\Client SDK\ODBC\170\Tools\Binn\;C:\Program Files\Microsoft SQL Server\170\DTS\Binn\;C:\Program Files\Git\cmd;C:\Program Files (x86)\Microsoft SQL Server\170\Tools\Binn\;C:\Program Files\Microsoft SQL Server\170\Tools\Binn\;C:\Program Files\Microsoft SQL Server\Client SDK\ODBC\180\Tools\Binn\;C:\Program Files\Java\jdk-21.0.10\bin;C:\Program Files\MySQL\MySQL Shell 8.0\bin\;C:\Users\salaalvara\AppData\Local\Microsoft\WindowsApps;C:\Users\salaalvara\.dotnet\tools;C:\Users\salaalvara\AppData\Local\Programs\Microsoft VS Code\bin;C:\Program Files\JetBrains\IntelliJ IDEA 2025.3.2\bin;.]
30-May-2026 23:36:41.131 INFO [main] org.apache.coyote.AbstractProtocol.init Inicializando el manejador de protocolo ["http-nio-8080"]

30-May-2026 23:36:41.151 INFO [main] org.apache.catalina.startup.Catalina.load Server initialization in [669] milliseconds
30-May-2026 23:36:41.223 INFO [main] org.apache.catalina.core.StandardService.startInternal Arrancando servicio [Catalina]
30-May-2026 23:36:41.224 INFO [main] org.apache.catalina.core.StandardEngine.startInternal Starting Servlet engine: [Apache Tomcat/10.1.55]
30-May-2026 23:36:41.238 INFO [main] org.apache.catalina.startup.HostConfig.deployDescriptor Desplieque del descriptor de configuración [C:\UNIVERSIDAD\biblioteca-udb-web\conf\Catalina\localhost\biblioteca-web.xml]
30-May-2026 23:36:41.395 WARNING [main] org.apache.tomcat.util.descriptor.web.WebXml.setVersion Unknown version string [6.1]. Default version will be used.
30-May-2026 23:36:42.176 INFO [main] org.apache.jasper.servlet.TldScanner.scanJars Al menos un JAR, que se ha explorado buscando TLDs, aún no contenía TLDs. Activar historial de depuración para este historiador para una completa lista de los JARs que fueron explorados y de los que nos se halló TLDs. Saltarse JARs no necesarios durante la exploración puede dar lugar a una mejora de tiempo significativa en el arranque y compilación de JSP .
30-May-2026 23:36:42.244 INFO [main] org.apache.catalina.startup.HostConfig.deployDescriptor Deployment of deployment descriptor [C:\UNIVERSIDAD\biblioteca-udb-web\conf\Catalina\localhost\biblioteca-web.xml] has finished in [1.005] ms
30-May-2026 23:36:42.249 INFO [main] org.apache.coyote.AbstractProtocol.start Starting ProtocolHandler ["http-nio-8080"]
30-May-2026 23:36:42.268 INFO [main] org.apache.catalina.startup.Catalina.start Server startup in [1114] milliseconds
30-May-2026 23:39:53.953 INFO [Thread-1] org.apache.coyote.AbstractProtocol.pause Pausing ProtocolHandler ["http-nio-8080"]
30-May-2026 23:39:53.963 INFO [Thread-1] org.apache.catalina.core.StandardService.stopInternal Parando servicio [Catalina]
30-May-2026 23:39:53.970 WARNING [Thread-1] org.apache.catalina.loader.WebappClassLoaderBase.clearReferencesJdbc La aplicación web [biblioteca-web] registró el conductor JDBC [com.mysql.cj.jdbc.Driver] pero falló al anular el registro mientras la aplicación web estaba parada. Para prevenir un fallo de memoria, se ha anulado el registro del conductor JDBC por la fuerza.
30-May-2026 23:39:53.971 WARNING [Thread-1] org.apache.catalina.loader.WebappClassLoaderBase.clearReferencesThreads The web application [biblioteca-web] appears to have started a thread named [mysql-cj-abandoned-connection-cleanup] but has failed to stop it. This is very likely to create a memory leak. Stack trace of thread:
 java.base/jdk.internal.misc.Unsafe.park(Native Method)
 java.base/java.util.concurrent.locks.LockSupport.parkNanos(LockSupport.java:269)
 java.base/java.util.concurrent.locks.AbstractQueuedSynchronizer$ConditionObject.await(AbstractQueuedSynchronizer.java:1852)
 java.base/java.lang.ref.ReferenceQueue.await(ReferenceQueue.java:71)
 java.base/java.lang.ref.ReferenceQueue.remove0(ReferenceQueue.java:143)
 java.base/java.lang.ref.ReferenceQueue.remove(ReferenceQueue.java:218)
 com.mysql.cj.jdbc.AbandonedConnectionCleanupThread.run(AbandonedConnectionCleanupThread.java:93)
 java.base/java.util.concurrent.ThreadPoolExecutor.runWorker(ThreadPoolExecutor.java:1144)
 java.base/java.util.concurrent.ThreadPoolExecutor$Worker.run(ThreadPoolExecutor.java:642)
 java.base/java.lang.Thread.run(Thread.java:1583)
30-May-2026 23:39:53.974 INFO [Thread-1] org.apache.coyote.AbstractProtocol.stop Stopping ProtocolHandler ["http-nio-8080"]
30-May-2026 23:39:53.997 INFO [Thread-1] org.apache.coyote.AbstractProtocol.destroy Destroying ProtocolHandler ["http-nio-8080"]
30-May-2026 23:40:22.499 INFO [main] org.apache.catalina.startup.VersionLoggerListener.log Nombre de la versión del servidor: Apache Tomcat/10.1.55
30-May-2026 23:40:22.504 INFO [main] org.apache.catalina.startup.VersionLoggerListener.log Server built:                      May 5 2026 13:33:02 UTC
30-May-2026 23:40:22.505 INFO [main] org.apache.catalina.startup.VersionLoggerListener.log Número de versión de servidor:     10.1.55.0
30-May-2026 23:40:22.505 INFO [main] org.apache.catalina.startup.VersionLoggerListener.log OS Name:                           Windows 11
30-May-2026 23:40:22.505 INFO [main] org.apache.catalina.startup.VersionLoggerListener.log Versión de Systema Operativo:      10.0
30-May-2026 23:40:22.506 INFO [main] org.apache.catalina.startup.VersionLoggerListener.log Arquitectura:                      amd64
30-May-2026 23:40:22.506 INFO [main] org.apache.catalina.startup.VersionLoggerListener.log Java Home:                         C:\Program Files\Java\jdk-21.0.10
30-May-2026 23:40:22.506 INFO [main] org.apache.catalina.startup.VersionLoggerListener.log JVM Version:                       21.0.10+8-LTS-217
30-May-2026 23:40:22.507 INFO [main] org.apache.catalina.startup.VersionLoggerListener.log Vededor JVM:                       Oracle Corporation
30-May-2026 23:40:22.507 INFO [main] org.apache.catalina.startup.VersionLoggerListener.log CATALINA_BASE:                     C:\UNIVERSIDAD\biblioteca-udb-web
30-May-2026 23:40:22.507 INFO [main] org.apache.catalina.startup.VersionLoggerListener.log CATALINA_HOME:                     C:\Program Files\Apache Software Foundation\Tomcat 10.1
30-May-2026 23:40:22.519 INFO [main] org.apache.catalina.startup.VersionLoggerListener.log Command line argument:             --add-opens=java.base/java.lang=ALL-UNNAMED
30-May-2026 23:40:22.519 INFO [main] org.apache.catalina.startup.VersionLoggerListener.log Command line argument:             --add-opens=java.base/java.io=ALL-UNNAMED
30-May-2026 23:40:22.519 INFO [main] org.apache.catalina.startup.VersionLoggerListener.log Command line argument:             --add-opens=java.base/java.util=ALL-UNNAMED
30-May-2026 23:40:22.519 INFO [main] org.apache.catalina.startup.VersionLoggerListener.log Command line argument:             --add-opens=java.base/java.util.concurrent=ALL-UNNAMED
30-May-2026 23:40:22.519 INFO [main] org.apache.catalina.startup.VersionLoggerListener.log Command line argument:             --add-opens=java.rmi/sun.rmi.transport=ALL-UNNAMED
30-May-2026 23:40:22.519 INFO [main] org.apache.catalina.startup.VersionLoggerListener.log Command line argument:             -Dcatalina.home=C:\Program Files\Apache Software Foundation\Tomcat 10.1
30-May-2026 23:40:22.520 INFO [main] org.apache.catalina.startup.VersionLoggerListener.log Command line argument:             -Dcatalina.base=C:\UNIVERSIDAD\biblioteca-udb-web
30-May-2026 23:40:22.520 INFO [main] org.apache.catalina.startup.VersionLoggerListener.log Command line argument:             -Djava.io.tmpdir=C:\UNIVERSIDAD\biblioteca-udb-web\temp
30-May-2026 23:40:22.520 INFO [main] org.apache.catalina.startup.VersionLoggerListener.log Command line argument:             -Djava.util.logging.config.file=C:\UNIVERSIDAD\biblioteca-udb-web\conf\logging.properties
30-May-2026 23:40:22.520 INFO [main] org.apache.catalina.startup.VersionLoggerListener.log Command line argument:             -Djava.util.logging.manager=org.apache.juli.ClassLoaderLogManager
30-May-2026 23:40:22.520 INFO [main] org.apache.catalina.startup.VersionLoggerListener.log Command line argument:             -javaagent:C:\Program Files\JetBrains\IntelliJ IDEA 2025.3.2\lib\idea_rt.jar=58100
30-May-2026 23:40:22.521 INFO [main] org.apache.catalina.startup.VersionLoggerListener.log Command line argument:             -Dfile.encoding=UTF-8
30-May-2026 23:40:22.521 INFO [main] org.apache.catalina.startup.VersionLoggerListener.log Command line argument:             -Dsun.stdout.encoding=UTF-8
30-May-2026 23:40:22.521 INFO [main] org.apache.catalina.startup.VersionLoggerListener.log Command line argument:             -Dsun.stderr.encoding=UTF-8
30-May-2026 23:40:22.526 INFO [main] org.apache.catalina.core.AprLifecycleListener.lifecycleEvent La biblioteca nativa de Apache Tomcat basada en ARP que permite un rendimiento óptimo en entornos de desarrollo no ha sido hallada en java.library.path: [C:\Program Files\Java\jdk-21.0.10\bin;C:\WINDOWS\Sun\Java\bin;C:\WINDOWS\system32;C:\WINDOWS;C:\Program Files\Common Files\Oracle\Java\javapath;C:\Program Files\Microsoft MPI\Bin\;C:\WINDOWS\system32;C:\WINDOWS;C:\WINDOWS\System32\Wbem;C:\WINDOWS\System32\WindowsPowerShell\v1.0\;C:\WINDOWS\System32\OpenSSH\;C:\Program Files\dotnet\;C:\Program Files (x86)\Microsoft SQL Server\160\DTS\Binn\;C:\Program Files\Azure Data Studio\bin;C:\Program Files\Google\Google Apps Sync\;C:\Program Files\Microsoft SQL Server\150\Tools\Binn\;C:\Program Files\Microsoft SQL Server\Client SDK\ODBC\170\Tools\Binn\;C:\Program Files\Microsoft SQL Server\170\DTS\Binn\;C:\Program Files\Git\cmd;C:\Program Files (x86)\Microsoft SQL Server\170\Tools\Binn\;C:\Program Files\Microsoft SQL Server\170\Tools\Binn\;C:\Program Files\Microsoft SQL Server\Client SDK\ODBC\180\Tools\Binn\;C:\Program Files\Java\jdk-21.0.10\bin;C:\Program Files\MySQL\MySQL Shell 8.0\bin\;C:\Users\salaalvara\AppData\Local\Microsoft\WindowsApps;C:\Users\salaalvara\.dotnet\tools;C:\Users\salaalvara\AppData\Local\Programs\Microsoft VS Code\bin;C:\Program Files\JetBrains\IntelliJ IDEA 2025.3.2\bin;.]
30-May-2026 23:40:22.976 INFO [main] org.apache.coyote.AbstractProtocol.init Inicializando el manejador de protocolo ["http-nio-8080"]

30-May-2026 23:40:23.023 INFO [main] org.apache.catalina.startup.Catalina.load Server initialization in [746] milliseconds
30-May-2026 23:40:23.105 INFO [main] org.apache.catalina.core.StandardService.startInternal Arrancando servicio [Catalina]
30-May-2026 23:40:23.105 INFO [main] org.apache.catalina.core.StandardEngine.startInternal Starting Servlet engine: [Apache Tomcat/10.1.55]
30-May-2026 23:40:23.116 INFO [main] org.apache.catalina.startup.HostConfig.deployDescriptor Desplieque del descriptor de configuración [C:\UNIVERSIDAD\biblioteca-udb-web\conf\Catalina\localhost\biblioteca-web.xml]
30-May-2026 23:40:23.257 WARNING [main] org.apache.tomcat.util.descriptor.web.WebXml.setVersion Unknown version string [6.1]. Default version will be used.
30-May-2026 23:40:23.954 INFO [main] org.apache.jasper.servlet.TldScanner.scanJars Al menos un JAR, que se ha explorado buscando TLDs, aún no contenía TLDs. Activar historial de depuración para este historiador para una completa lista de los JARs que fueron explorados y de los que nos se halló TLDs. Saltarse JARs no necesarios durante la exploración puede dar lugar a una mejora de tiempo significativa en el arranque y compilación de JSP .
30-May-2026 23:40:24.024 INFO [main] org.apache.catalina.startup.HostConfig.deployDescriptor Deployment of deployment descriptor [C:\UNIVERSIDAD\biblioteca-udb-web\conf\Catalina\localhost\biblioteca-web.xml] has finished in [904] ms
30-May-2026 23:40:24.028 INFO [main] org.apache.coyote.AbstractProtocol.start Starting ProtocolHandler ["http-nio-8080"]
30-May-2026 23:40:24.044 INFO [main] org.apache.catalina.startup.Catalina.start Server startup in [1017] milliseconds
